uczestnik,warunek,nr_fiksacji,start_ms,koniec_ms,czas_trwania_ms,x_px,y_px
U01,swobodne,1,0,278,278,963.6,529.5
U01,swobodne,2,332,526,194,364.7,567.3
U01,swobodne,3,556,818,262,514.1,590.9
U01,swobodne,4,842,1086,244,461.3,607.0
U01,swobodne,5,1106,1460,354,416.4,568.9
U01,swobodne,6,1510,1744,234,174.7,179.6
U01,swobodne,7,1854,2072,218,1677.9,571.8
U01,swobodne,8,2100,2602,502,1716.1,652.7
U01,swobodne,9,2652,3184,532,1186.9,646.7
U01,swobodne,10,3218,3368,150,1203.9,447.1
U01,swobodne,11,3430,3706,276,1820.0,857.7
U01,swobodne,12,3808,4116,308,444.5,643.3
U01,swobodne,13,4146,4462,316,382.7,570.7
U01,swobodne,14,4486,4634,148,481.8,613.5
U01,swobodne,15,4658,4900,242,441.0,711.6
U01,swobodne,16,4920,5304,384,449.5,710.1
U01,swobodne,17,5368,5972,604,1163.8,688.2
U01,swobodne,18,6038,6242,204,617.4,169.8
U01,swobodne,19,6276,6810,534,810.7,156.2
U01,swobodne,20,6844,7008,164,1012.5,161.8
U01,swobodne,21,7040,7174,134,1187.4,169.8
U01,swobodne,22,7228,7552,324,672.8,166.5
U01,swobodne,23,7582,8038,456,867.7,161.3
U01,swobodne,24,8066,8406,340,1036.9,162.8
U01,swobodne,25,8472,9028,556,929.7,941.5
U01,swobodne,26,9098,9462,364,600.5,167.8
U01,swobodne,27,9494,9828,334,756.7,169.2
U01,swobodne,28,9854,10000,146,892.2,168.6
U02,swobodne,1,0,320,320,958.1,557.9
U02,swobodne,2,382,558,176,1634.2,544.7
U02,swobodne,3,640,944,304,622.7,172.3
U02,swobodne,4,982,1088,106,889.8,160.3
U02,swobodne,5,1120,1278,158,1128.5,171.8
U02,swobodne,6,1306,1520,214,1265.8,161.4
U02,swobodne,7,1562,1762,200,1171.5,474.7
U02,swobodne,8,1828,2064,236,439.5,713.8
U02,swobodne,9,2158,2468,310,1674.3,569.8
U02,swobodne,10,2538,2820,282,954.5,938.1
U02,swobodne,11,2870,3084,214,1157.8,469.1
U02,swobodne,12,3142,3324,182,612.0,158.2
U02,swobodne,13,3356,3496,140,827.5,178.2
U02,swobodne,14,3528,3658,130,984.7,178.5
U02,swobodne,15,3692,3968,276,1160.1,161.5
U02,swobodne,16,4002,4128,126,1392.1,169.2
U02,swobodne,17,4162,4326,164,1629.8,161.2
U02,swobodne,18,4378,5048,670,1184.4,441.0
U02,swobodne,19,5132,5354,222,189.6,141.7
U02,swobodne,20,5402,5538,136,684.2,166.3
U02,swobodne,21,5570,5694,124,855.3,166.5
U02,swobodne,22,5730,6038,308,1096.7,143.9
U02,swobodne,23,6070,6190,120,1279.6,167.0
U02,swobodne,24,6268,6438,170,389.8,612.2
U02,swobodne,25,6506,6738,232,1173.5,689.9
U02,swobodne,26,6780,7226,446,930.7,969.4
U02,swobodne,27,7300,7616,316,653.1,160.3
U02,swobodne,28,7652,7754,102,913.8,184.1
U02,swobodne,29,7790,8000,210,1158.2,170.1
U02,swobodne,30,8062,8328,266,1672.3,627.2
U02,swobodne,31,8412,8724,312,701.8,170.3
U02,swobodne,32,8756,8870,114,894.8,178.5
U02,swobodne,33,8898,9012,114,1021.0,164.3
U02,swobodne,34,9048,9274,226,1289.1,166.5
U02,swobodne,35,9304,9546,242,1485.9,159.5
U02,swobodne,36,9646,9924,278,137.5,155.3
U03,swobodne,1,0,240,240,981.0,546.4
U03,swobodne,2,292,810,518,488.6,585.1
U03,swobodne,3,836,1170,334,438.4,646.8
U03,swobodne,4,1192,1352,160,422.7,670.1
U03,swobodne,5,1412,1500,88,947.8,969.7
U03,swobodne,6,1556,1690,134,481.4,590.5
U03,swobodne,7,1710,1898,188,490.5,608.0
U03,swobodne,8,1948,2196,248,692.5,164.2
U03,swobodne,9,2226,2458,232,812.9,160.7
U03,swobodne,10,2488,2568,80,1021.9,168.6
U03,swobodne,11,2604,2942,338,1230.5,156.1
U03,swobodne,12,2976,3096,120,1392.6,173.4
U03,swobodne,13,3174,3370,196,488.3,597.0
U03,swobodne,14,3428,3642,214,1119.4,847.7
U03,swobodne,15,3710,3876,166,336.5,609.2
U03,swobodne,16,3940,4158,218,930.5,949.7
U03,swobodne,17,4226,4402,176,625.7,158.7
U03,swobodne,18,4430,4626,196,780.1,164.5
U03,swobodne,19,4660,4796,136,956.6,170.1
U03,swobodne,20,4866,4988,122,1695.6,642.8
U03,swobodne,21,5044,5380,336,1175.2,483.5
U03,swobodne,22,5410,5624,214,1175.1,640.3
U03,swobodne,23,5650,5772,122,1228.4,712.0
U03,swobodne,24,5846,5998,152,358.4,579.8
U03,swobodne,25,6022,6204,182,422.3,712.5
U03,swobodne,26,6270,6458,188,1160.0,626.9
U03,swobodne,27,6490,6738,248,1124.0,448.4
U03,swobodne,28,6770,6900,130,1223.8,622.6
U03,swobodne,29,6934,7068,134,1158.1,439.3
U03,swobodne,30,7118,7468,350,960.8,960.5
U03,swobodne,31,7538,7858,320,631.5,169.4
U03,swobodne,32,7888,8050,162,824.9,169.9
U03,swobodne,33,8080,8160,80,991.0,149.7
U03,swobodne,34,8198,8662,464,1227.8,163.8
U03,swobodne,35,8698,9090,392,1461.2,170.1
U03,swobodne,36,9124,9226,102,1681.2,158.7
U03,swobodne,37,9276,9532,256,1700.9,647.8
U03,swobodne,38,9618,9792,174,719.1,162.1
U03,swobodne,39,9828,10000,172,958.7,176.4
U04,swobodne,1,0,252,252,956.2,558.4
U04,swobodne,2,318,560,242,1728.6,603.9
U04,swobodne,3,644,858,214,701.1,171.6
U04,swobodne,4,892,1144,252,869.2,172.0
U04,swobodne,5,1180,1418,238,1062.8,166.1
U04,swobodne,6,1488,1928,440,371.0,594.4
U04,swobodne,7,1980,2228,248,719.2,171.9
U04,swobodne,8,2256,2516,260,860.7,163.5
U04,swobodne,9,2548,2628,80,1036.3,159.9
U04,swobodne,10,2694,3058,364,404.6,658.1
U04,swobodne,11,3086,3522,436,502.1,573.5
U04,swobodne,12,3552,3826,274,446.0,734.1
U04,swobodne,13,3848,4182,334,426.4,704.1
U04,swobodne,14,4280,4530,250,1734.2,595.3
U04,swobodne,15,4630,5174,544,377.3,576.6
U04,swobodne,16,5194,5404,210,346.7,587.1
U04,swobodne,17,5454,6012,558,605.5,168.4
U04,swobodne,18,6038,6428,390,776.8,144.3
U04,swobodne,19,6458,6896,438,937.1,158.0
U04,swobodne,20,6960,7384,424,365.7,592.2
U04,swobodne,21,7416,7576,160,399.1,710.5
U04,swobodne,22,7598,7986,388,409.7,704.2
U04,swobodne,23,8010,8390,380,432.1,683.8
U04,swobodne,24,8414,8510,96,376.2,595.5
U04,swobodne,25,8608,8790,182,1656.2,558.7
U04,swobodne,26,8870,9486,616,715.3,156.8
U04,swobodne,27,9520,9736,216,902.8,171.9
U04,swobodne,28,9772,9912,140,1130.0,167.1
U04,swobodne,29,9950,10000,50,1382.4,154.3
U05,swobodne,1,0,194,194,965.0,546.9
U05,swobodne,2,248,490,242,625.2,161.7
U05,swobodne,3,524,750,226,802.3,160.9
U05,swobodne,4,780,950,170,989.9,156.1
U05,swobodne,5,996,1172,176,739.1,488.2
U05,swobodne,6,1226,1410,184,1231.7,704.7
U05,swobodne,7,1476,1920,444,672.8,171.3
U05,swobodne,8,1952,2162,210,886.2,163.0
U05,swobodne,9,2194,2408,214,1053.2,167.2
U05,swobodne,10,2440,2552,112,1220.2,165.3
U05,swobodne,11,2586,2982,396,1471.5,164.9
U05,swobodne,12,3070,3448,378,356.6,586.2
U05,swobodne,13,3546,3690,144,1692.8,618.3
U05,swobodne,14,3716,3798,82,1641.4,561.7
U05,swobodne,15,3846,4030,184,1184.8,793.9
U05,swobodne,16,4090,4538,448,512.9,598.2
U05,swobodne,17,4564,4804,240,485.0,576.8
U05,swobodne,18,4894,5052,158,1698.7,584.2
U05,swobodne,19,5072,5228,156,1684.8,666.5
U05,swobodne,20,5256,5528,272,1698.0,634.3
U05,swobodne,21,5580,5700,120,1178.5,629.5
U05,swobodne,22,5720,5912,192,1186.9,640.9
U05,swobodne,23,5954,6294,340,964.1,895.8
U05,swobodne,24,6362,6576,214,633.8,153.9
U05,swobodne,25,6606,6816,210,842.2,163.7
U05,swobodne,26,6852,6932,80,1051.7,148.8
U05,swobodne,27,6984,7130,146,1146.2,641.1
U05,swobodne,28,7152,7234,82,1144.0,659.6
U05,swobodne,29,7278,7434,156,959.6,947.9
U05,swobodne,30,7456,7694,238,960.8,961.4
U05,swobodne,31,7780,7896,116,221.1,194.4
U05,swobodne,32,7978,8214,236,1179.1,627.5
U05,swobodne,33,8264,8358,94,1725.9,593.0
U05,swobodne,34,8452,8720,268,513.2,586.4
U05,swobodne,35,8748,9034,286,354.9,559.9
U05,swobodne,36,9064,9272,208,406.2,732.0
U05,swobodne,37,9328,9510,182,683.0,181.7
U05,swobodne,38,9542,9720,178,910.4,167.5
U05,swobodne,39,9756,9890,134,1124.9,177.1
U06,swobodne,1,0,208,208,955.5,559.3
U06,swobodne,2,256,434,178,471.5,601.7
U06,swobodne,3,528,744,216,1696.5,580.2
U06,swobodne,4,810,1096,286,989.6,940.0
U06,swobodne,5,1164,1368,204,654.0,161.5
U06,swobodne,6,1400,1586,186,908.1,164.6
U06,swobodne,7,1616,1724,108,1075.8,158.5
U06,swobodne,8,1792,2464,672,487.0,617.5
U06,swobodne,9,2492,2596,104,376.1,571.3
U06,swobodne,10,2664,2800,136,1186.4,719.4
U06,swobodne,11,2834,3054,220,1183.7,460.3
U06,swobodne,12,3104,3408,304,918.7,870.4
U06,swobodne,13,3440,3674,234,1161.4,746.7
U06,swobodne,14,3728,3880,152,1522.4,310.6
U06,swobodne,15,3954,4232,278,674.1,159.7
U06,swobodne,16,4266,4364,98,889.3,162.0
U06,swobodne,17,4402,4572,170,1106.5,166.9
U06,swobodne,18,4604,4758,154,1282.6,157.5
U06,swobodne,19,4790,4936,146,1482.8,168.4
U06,swobodne,20,4984,5304,320,1667.9,601.5
U06,swobodne,21,5400,5560,160,364.8,601.5
U06,swobodne,22,5624,5756,132,945.9,953.4
U06,swobodne,23,5798,5962,164,1195.4,630.0
U06,swobodne,24,5984,6104,120,1184.7,662.5
U06,swobodne,25,6174,6422,248,380.6,593.2
U06,swobodne,26,6450,6800,350,452.2,645.4
U06,swobodne,27,6828,7214,386,342.6,613.0
U06,swobodne,28,7314,7446,132,1701.0,673.2
U06,swobodne,29,7494,7744,250,1222.8,714.6
U06,swobodne,30,7784,7980,196,1173.3,440.8
U06,swobodne,31,8042,8270,228,492.8,600.4
U06,swobodne,32,8298,8538,240,339.4,573.2
U06,swobodne,33,8580,8734,154,191.4,256.6
U06,swobodne,34,8842,9168,326,1678.5,570.0
U06,swobodne,35,9192,9388,196,1682.4,572.6
U06,swobodne,36,9474,9654,180,631.3,160.0
U06,swobodne,37,9692,9908,216,854.6,162.2
U06,swobodne,38,9942,10000,58,1074.1,167.7
U07,swobodne,1,0,276,276,983.2,549.6
U07,swobodne,2,328,534,206,676.5,171.7
U07,swobodne,3,564,942,378,832.9,170.1
U07,swobodne,4,974,1122,148,991.9,155.3
U07,swobodne,5,1190,1616,426,356.0,624.7
U07,swobodne,6,1688,1918,230,1181.9,553.1
U07,swobodne,7,1966,2146,180,957.7,956.0
U07,swobodne,8,2216,2310,94,719.8,175.6
U07,swobodne,9,2340,2482,142,835.6,158.2
U07,swobodne,10,2510,2638,128,996.5,163.8
U07,swobodne,11,2670,2910,240,1218.8,168.1
U07,swobodne,12,2940,3050,110,1356.0,156.8
U07,swobodne,13,3088,3322,234,1189.2,395.7
U07,swobodne,14,3356,3514,158,1146.1,621.8
U07,swobodne,15,3544,3654,110,1191.9,707.3
U07,swobodne,16,3742,3854,112,165.6,159.5
U07,swobodne,17,3902,4212,310,679.6,164.0
U07,swobodne,18,4246,4336,90,918.3,173.4
U07,swobodne,19,4370,4614,244,1135.5,164.2
U07,swobodne,20,4676,4834,158,506.4,574.3
U07,swobodne,21,4878,5210,332,652.8,158.5
U07,swobodne,22,5242,5396,154,882.1,164.2
U07,swobodne,23,5434,5758,324,1119.3,174.0
U07,swobodne,24,5790,5870,80,1332.4,162.8
U07,swobodne,25,5900,6108,208,1469.0,156.7
U07,swobodne,26,6162,6270,108,1688.6,649.8
U07,swobodne,27,6322,6472,150,1153.6,646.0
U07,swobodne,28,6538,6636,98,605.5,158.8
U07,swobodne,29,6670,6750,80,819.2,169.4
U07,swobodne,30,6782,6962,180,1004.9,165.7
U07,swobodne,31,6990,7178,188,1192.2,153.5
U07,swobodne,32,7258,7338,80,177.3,165.4
U07,swobodne,33,7358,7516,158,161.1,210.7
U07,swobodne,34,7630,7732,102,1675.0,657.3
U07,swobodne,35,7758,8088,330,1676.9,614.4
U07,swobodne,36,8170,8616,446,714.4,171.0
U07,swobodne,37,8650,8866,216,935.8,151.3
U07,swobodne,38,8898,9036,138,1122.0,160.2
U07,swobodne,39,9076,9524,448,1191.3,439.4
U07,swobodne,40,9594,9744,150,350.6,612.4
U07,swobodne,41,9768,9870,102,368.4,602.0
U07,swobodne,42,9924,10000,76,664.2,173.9
U08,swobodne,1,0,170,170,961.1,554.5
U08,swobodne,2,230,320,90,1624.6,552.5
U08,swobodne,3,344,550,206,1670.6,572.7
U08,swobodne,4,578,1046,468,1714.1,662.2
U08,swobodne,5,1112,1406,294,995.0,938.8
U08,swobodne,6,1462,1762,300,409.4,697.9
U08,swobodne,7,1790,1950,160,491.5,593.8
U08,swobodne,8,2000,2220,220,679.9,167.0
U08,swobodne,9,2250,2358,108,842.4,164.1
U08,swobodne,10,2390,2900,510,1020.2,177.5
U08,swobodne,11,2932,3098,166,1232.0,158.4
U08,swobodne,12,3132,3336,204,1447.5,171.8
U08,swobodne,13,3368,3558,190,1604.3,155.8
U08,swobodne,14,3604,3868,264,1633.6,595.8
U08,swobodne,15,3892,4448,556,1680.0,583.3
U08,swobodne,16,4494,4768,274,1168.2,603.0
U08,swobodne,17,4818,4968,150,1697.9,549.9
U08,swobodne,18,5066,5418,352,374.5,567.9
U08,swobodne,19,5448,5898,450,473.1,567.8
U08,swobodne,20,5958,6116,158,1156.5,405.5
U08,swobodne,21,6144,6608,464,1095.9,634.4
U08,swobodne,22,6668,6748,80,719.4,156.6
U08,swobodne,23,6784,7060,276,978.2,169.1
U08,swobodne,24,7090,7272,182,1115.8,162.4
U08,swobodne,25,7302,7624,322,1281.2,163.0
U08,swobodne,26,7682,7902,220,631.2,167.3
U08,swobodne,27,7936,8256,320,851.6,169.2
U08,swobodne,28,8290,8510,220,1064.5,171.8
U08,swobodne,29,8562,8776,214,1122.9,707.3
U08,swobodne,30,8834,9432,598,440.5,667.1
U08,swobodne,31,9498,10000,502,1220.5,751.6
U09,swobodne,1,0,202,202,946.6,531.5
U09,swobodne,2,260,674,414,361.8,588.3
U09,swobodne,3,738,1170,432,1100.3,626.3
U09,swobodne,4,1230,1400,170,452.1,651.7
U09,swobodne,5,1422,1700,278,425.5,659.2
U09,swobodne,6,1766,1956,190,1218.0,648.7
U09,swobodne,7,2024,2662,638,437.6,740.1
U09,swobodne,8,2684,2936,252,416.4,743.1
U09,swobodne,9,2988,3286,298,941.8,964.9
U09,swobodne,10,3304,3578,274,972.3,954.0
U09,swobodne,11,3640,3812,172,379.9,602.0
U09,swobodne,12,3836,4086,250,470.2,602.1
U09,swobodne,13,4134,4236,102,715.8,163.9
U09,swobodne,14,4264,4532,268,847.2,170.2
U09,swobodne,15,4564,5096,532,1018.5,178.4
U09,swobodne,16,5128,5528,400,1176.3,152.4
U09,swobodne,17,5600,5998,398,436.3,728.7
U09,swobodne,18,6062,6266,204,1169.4,658.5
U09,swobodne,19,6302,6514,212,923.7,807.5
U09,swobodne,20,6592,6748,156,196.6,155.0
U09,swobodne,21,6800,7504,704,510.5,615.7
U09,swobodne,22,7536,7890,354,364.6,603.0
U09,swobodne,23,7942,8226,284,675.5,163.7
U09,swobodne,24,8258,8572,314,831.1,173.4
U09,swobodne,25,8604,8684,80,960.2,163.8
U09,swobodne,26,8738,9392,654,505.2,590.6
U09,swobodne,27,9412,9954,542,493.7,576.0
U10,swobodne,1,0,272,272,969.4,536.5
U10,swobodne,2,328,682,354,380.5,603.8
U10,swobodne,3,708,884,176,434.6,719.7
U10,swobodne,4,914,1132,218,501.2,581.5
U10,swobodne,5,1164,1548,384,355.4,574.4
U10,swobodne,6,1572,1710,138,365.7,590.0
U10,swobodne,7,1808,2154,346,1683.8,597.9
U10,swobodne,8,2180,2310,130,1700.8,642.0
U10,swobodne,9,2370,2546,176,1133.9,383.2
U10,swobodne,10,2572,2724,152,1172.7,411.4
U10,swobodne,11,2756,2886,130,1219.4,612.9
U10,swobodne,12,2950,3064,114,636.0,171.2
U10,swobodne,13,3096,3248,152,867.9,157.5
U10,swobodne,14,3282,3466,184,1154.5,164.8
U10,swobodne,15,3494,3734,240,1326.1,156.1
U10,swobodne,16,3812,3972,160,438.3,665.3
U10,swobodne,17,3996,4234,238,423.9,636.1
U10,swobodne,18,4300,4380,80,1139.4,309.5
U10,swobodne,19,4422,4522,100,1179.0,642.4
U10,swobodne,20,4542,4796,254,1187.8,642.6
U10,swobodne,21,4820,5010,190,1224.7,744.0
U10,swobodne,22,5078,5178,100,703.6,173.0
U10,swobodne,23,5206,5534,328,847.4,167.0
U10,swobodne,24,5568,5806,238,1072.2,155.2
U10,swobodne,25,5838,5978,140,1247.0,169.7
U10,swobodne,26,6060,6364,304,398.2,727.7
U10,swobodne,27,6392,6734,342,360.3,610.1
U10,swobodne,28,6830,7288,458,1668.8,694.3
U10,swobodne,29,7334,7580,246,1207.2,599.7
U10,swobodne,30,7604,7746,142,1197.2,676.6
U10,swobodne,31,7782,8020,238,1134.2,477.1
U10,swobodne,32,8064,8222,158,737.1,446.9
U10,swobodne,33,8262,8418,156,632.0,166.5
U10,swobodne,34,8446,8670,224,826.1,173.5
U10,swobodne,35,8704,8972,268,1058.5,165.9
U10,swobodne,36,9004,9130,126,1270.7,166.7
U10,swobodne,37,9210,9402,192,369.5,622.8
U10,swobodne,38,9428,9802,374,361.6,591.8
U10,swobodne,39,9862,10000,138,935.1,918.4
U11,swobodne,1,0,236,236,969.4,535.1
U11,swobodne,2,290,372,82,435.3,706.2
U11,swobodne,3,436,654,218,1184.3,742.5
U11,swobodne,4,718,922,204,694.6,143.8
U11,swobodne,5,954,1148,194,815.4,166.0
U11,swobodne,6,1182,1450,268,1023.4,167.6
U11,swobodne,7,1490,1724,234,1263.7,154.8
U11,swobodne,8,1758,1878,120,1448.0,169.8
U11,swobodne,9,1968,2174,206,359.0,591.6
U11,swobodne,10,2192,2366,174,362.5,587.8
U11,swobodne,11,2464,2824,360,1668.5,659.4
U11,swobodne,12,2876,3116,240,1158.7,613.2
U11,swobodne,13,3160,3358,198,964.1,931.0
U11,swobodne,14,3414,3778,364,386.3,559.8
U11,swobodne,15,3826,4102,276,633.3,179.9
U11,swobodne,16,4134,4340,206,814.8,162.1
U11,swobodne,17,4370,4450,80,988.1,160.7
U11,swobodne,18,4510,4834,324,492.5,617.0
U11,swobodne,19,4924,5620,696,1682.5,567.1
U11,swobodne,20,5646,5726,80,1666.4,557.1
U11,swobodne,21,5772,6100,328,1156.9,588.6
U11,swobodne,22,6132,6442,310,1200.5,412.9
U11,swobodne,23,6506,6780,274,503.8,602.5
U11,swobodne,24,6808,7316,508,434.2,647.1
U11,swobodne,25,7340,7644,304,381.8,572.9
U11,swobodne,26,7706,7942,236,942.2,910.3
U11,swobodne,27,8012,8156,144,661.6,161.9
U11,swobodne,28,8192,8296,104,863.7,149.6
U11,swobodne,29,8328,8512,184,1050.5,168.1
U11,swobodne,30,8560,8724,164,1143.2,657.2
U11,swobodne,31,8760,9272,512,1156.6,421.0
U11,swobodne,32,9302,9484,182,1154.6,601.1
U11,swobodne,33,9544,9820,276,650.0,169.3
U11,swobodne,34,9856,10000,144,876.2,172.8
U12,swobodne,1,0,304,304,967.8,526.7
U12,swobodne,2,362,636,274,344.4,607.6
U12,swobodne,3,666,994,328,481.9,560.2
U12,swobodne,4,1016,1220,204,491.3,596.5
U12,swobodne,5,1278,1516,238,1210.0,466.4
U12,swobodne,6,1550,1730,180,1224.7,686.4
U12,swobodne,7,1792,2030,238,704.6,159.5
U12,swobodne,8,2062,2448,386,876.9,168.5
U12,swobodne,9,2480,2700,220,1088.3,161.7
U12,swobodne,10,2734,2822,88,1318.6,168.6
U12,swobodne,11,2906,3276,370,362.7,583.7
U12,swobodne,12,3296,3720,424,384.3,580.5
U12,swobodne,13,3744,3852,108,396.9,579.7
U12,swobodne,14,3922,4118,196,1238.5,752.0
U12,swobodne,15,4190,4522,332,355.1,578.8
U12,swobodne,16,4546,4626,80,367.5,589.9
U12,swobodne,17,4676,4844,168,696.1,182.8
U12,swobodne,18,4880,4960,80,906.0,151.9
U12,swobodne,19,4994,5108,114,1103.3,160.0
U12,swobodne,20,5142,5376,234,1264.7,166.7
U12,swobodne,21,5406,5486,80,1403.1,153.1
U12,swobodne,22,5546,5706,160,686.4,167.7
U12,swobodne,23,5736,5862,126,843.8,150.6
U12,swobodne,24,5892,6072,180,1030.2,146.5
U12,swobodne,25,6102,6230,128,1217.0,159.7
U12,swobodne,26,6262,6402,140,1171.5,390.8
U12,swobodne,27,6426,6578,152,1205.5,416.3
U12,swobodne,28,6616,6832,216,1247.7,716.5
U12,swobodne,29,6872,7034,162,1138.6,442.3
U12,swobodne,30,7086,7420,334,1651.6,585.9
U12,swobodne,31,7440,7632,192,1706.0,600.8
U12,swobodne,32,7686,7876,190,1160.0,453.0
U12,swobodne,33,7902,8100,198,1198.3,443.0
U12,swobodne,34,8134,8278,144,1139.5,714.7
U12,swobodne,35,8318,8544,226,1113.9,402.2
U12,swobodne,36,8608,8756,148,462.7,711.5
U12,swobodne,37,8822,8982,160,1240.2,742.3
U12,swobodne,38,9038,9200,162,1737.6,408.2
U12,swobodne,39,9280,9418,138,706.0,163.8
U12,swobodne,40,9452,9680,228,900.9,169.5
U12,swobodne,41,9708,9800,92,1036.5,162.6
U12,swobodne,42,9832,9954,122,1214.9,170.5
U13,swobodne,1,0,312,312,975.7,545.6
U13,swobodne,2,378,482,104,281.6,960.0
U13,swobodne,3,554,918,364,178.4,113.8
U13,swobodne,4,970,1074,104,693.8,179.0
U13,swobodne,5,1110,1274,164,924.9,162.0
U13,swobodne,6,1308,1430,122,1164.7,163.2
U13,swobodne,7,1464,1676,212,1395.9,176.2
U13,swobodne,8,1712,1796,84,1614.4,157.3
U13,swobodne,9,1844,2170,326,1677.9,603.8
U13,swobodne,10,2202,2282,80,1498.2,499.1
U13,swobodne,11,2316,2546,230,1678.6,549.2
U13,swobodne,12,2568,2832,264,1693.9,579.6
U13,swobodne,13,2932,3240,308,351.4,586.4
U13,swobodne,14,3292,3424,132,660.0,170.4
U13,swobodne,15,3460,3564,104,907.1,160.0
U13,swobodne,16,3600,3716,116,1135.4,164.2
U13,swobodne,17,3746,3888,142,1332.3,161.8
U13,swobodne,18,3918,4036,118,1486.1,161.6
U13,swobodne,19,4066,4146,80,1635.7,171.5
U13,swobodne,20,4194,4352,158,1670.0,660.4
U13,swobodne,21,4440,4670,230,678.1,164.4
U13,swobodne,22,4698,5138,440,777.5,166.8
U13,swobodne,23,5170,5302,132,1017.9,163.7
U13,swobodne,24,5332,5552,220,1236.9,166.7
U13,swobodne,25,5582,5692,110,1423.6,160.0
U13,swobodne,26,5784,5876,92,224.3,153.3
U13,swobodne,27,5990,6142,152,1753.9,830.4
U13,swobodne,28,6198,6594,396,1135.6,702.7
U13,swobodne,29,6658,6882,224,408.2,723.4
U13,swobodne,30,6938,7094,156,715.0,159.9
U13,swobodne,31,7128,7276,148,932.4,177.6
U13,swobodne,32,7310,7458,148,1128.9,168.8
U13,swobodne,33,7524,7744,220,494.7,577.4
U13,swobodne,34,7796,7970,174,183.0,166.7
U13,swobodne,35,7998,8142,144,201.2,291.5
U13,swobodne,36,8184,8362,178,375.5,579.8
U13,swobodne,37,8392,8568,176,481.1,597.7
U13,swobodne,38,8658,8916,258,1697.5,663.5
U13,swobodne,39,9002,9134,132,665.1,164.7
U13,swobodne,40,9166,9378,212,860.4,161.8
U13,swobodne,41,9408,9522,114,1003.7,159.6
U13,swobodne,42,9552,9754,202,1197.0,171.9
U13,swobodne,43,9786,9942,156,1383.9,166.4
U14,swobodne,1,0,278,278,973.2,522.2
U14,swobodne,2,326,680,354,500.0,609.0
U14,swobodne,3,726,920,194,668.4,159.2
U14,swobodne,4,950,1274,324,880.3,162.3
U14,swobodne,5,1306,1454,148,1086.7,165.8
U14,swobodne,6,1488,1596,108,1280.0,167.6
U14,swobodne,7,1656,1808,152,623.2,173.5
U14,swobodne,8,1840,1940,100,846.9,162.2
U14,swobodne,9,1970,2200,230,1051.8,160.5
U14,swobodne,10,2232,2640,408,1231.6,158.9
U14,swobodne,11,2720,3286,566,187.7,152.8
U14,swobodne,12,3376,3712,336,976.7,952.4
U14,swobodne,13,3782,3948,166,628.2,164.0
U14,swobodne,14,3978,4220,242,824.4,169.7
U14,swobodne,15,4250,4330,80,1065.7,161.5
U14,swobodne,16,4400,4816,416,385.6,623.9
U14,swobodne,17,4844,5048,204,496.0,614.0
U14,swobodne,18,5074,5238,164,366.4,583.9
U14,swobodne,19,5288,5474,186,673.6,157.0
U14,swobodne,20,5508,5714,206,926.8,161.6
U14,swobodne,21,5746,5910,164,1122.3,164.4
U14,swobodne,22,5940,6068,128,1298.9,173.4
U14,swobodne,23,6094,6298,204,1405.7,149.8
U14,swobodne,24,6356,6634,278,675.7,161.3
U14,swobodne,25,6666,6812,146,862.3,172.9
U14,swobodne,26,6844,7274,430,1037.7,163.1
U14,swobodne,27,7302,7556,254,1213.9,157.1
U14,swobodne,28,7586,7718,132,1384.7,151.4
U14,swobodne,29,7748,8048,300,1615.9,164.4
U14,swobodne,30,8140,8378,238,502.7,595.4
U14,swobodne,31,8408,8752,344,351.0,589.8
U14,swobodne,32,8810,9060,250,908.1,950.8
U14,swobodne,33,9086,9342,256,962.7,967.8
U14,swobodne,34,9406,9774,368,1670.1,817.3
U14,swobodne,35,9868,10000,132,430.9,657.0
U15,swobodne,1,0,266,266,955.0,538.4
U15,swobodne,2,334,668,334,215.5,153.0
U15,swobodne,3,752,878,126,972.3,933.9
U15,swobodne,4,946,1208,262,627.4,157.9
U15,swobodne,5,1242,1366,124,818.2,165.6
U15,swobodne,6,1394,1688,294,1004.8,162.5
U15,swobodne,7,1724,1842,118,1188.6,168.2
U15,swobodne,8,1878,2208,330,1450.4,161.8
U15,swobodne,9,2238,2430,192,1676.1,173.6
U15,swobodne,10,2516,3112,596,963.9,973.7
U15,swobodne,11,3198,3486,288,190.6,161.1
U15,swobodne,12,3572,3858,286,996.2,943.4
U15,swobodne,13,3912,4074,162,1170.7,419.6
U15,swobodne,14,4136,4282,146,477.8,591.5
U15,swobodne,15,4312,4452,140,442.9,729.8
U15,swobodne,16,4484,4748,264,374.6,584.9
U15,swobodne,17,4800,4886,86,659.8,155.6
U15,swobodne,18,4918,5022,104,857.8,163.2
U15,swobodne,19,5054,5340,286,1046.1,166.4
U15,swobodne,20,5406,5534,128,1722.7,554.0
U15,swobodne,21,5620,5944,324,700.4,165.7
U15,swobodne,22,5974,6156,182,874.8,178.5
U15,swobodne,23,6190,6316,126,1107.0,164.8
U15,swobodne,24,6346,6426,80,1286.4,163.2
U15,swobodne,25,6476,6728,252,1177.2,688.4
U15,swobodne,26,6762,6948,186,1152.8,440.0
U15,swobodne,27,7006,7148,142,500.9,601.6
U15,swobodne,28,7180,7384,204,427.4,700.8
U15,swobodne,29,7408,7636,228,430.6,655.8
U15,swobodne,30,7660,7892,232,403.2,638.5
U15,swobodne,31,7964,8122,158,1185.7,669.0
U15,swobodne,32,8172,8492,320,1687.7,597.1
U15,swobodne,33,8564,8794,230,914.8,963.4
U15,swobodne,34,8842,9022,180,1201.9,648.1
U15,swobodne,35,9052,9202,150,1102.9,738.1
U15,swobodne,36,9226,9416,190,1149.5,692.7
U15,swobodne,37,9482,10000,518,452.2,719.3
U16,swobodne,1,0,224,224,946.7,537.9
U16,swobodne,2,280,552,272,339.6,573.2
U16,swobodne,3,582,1000,418,501.7,562.6
U16,swobodne,4,1032,1210,178,365.2,594.2
U16,swobodne,5,1260,1446,186,676.6,160.8
U16,swobodne,6,1476,1752,276,877.6,174.4
U16,swobodne,7,1788,1938,150,1087.5,173.1
U16,swobodne,8,1968,2258,290,1242.7,167.8
U16,swobodne,9,2320,2454,134,1712.0,600.4
U16,swobodne,10,2546,2844,298,461.3,732.7
U16,swobodne,11,2870,3130,260,486.8,582.3
U16,swobodne,12,3156,3276,120,389.1,652.5
U16,swobodne,13,3300,3532,232,433.6,714.3
U16,swobodne,14,3596,3732,136,1164.8,620.5
U16,swobodne,15,3760,4054,294,1252.0,720.6
U16,swobodne,16,4124,4324,200,650.8,156.7
U16,swobodne,17,4352,4566,214,811.4,167.3
U16,swobodne,18,4600,4840,240,1042.6,166.3
U16,swobodne,19,4876,5038,162,1327.3,158.7
U16,swobodne,20,5070,5246,176,1518.7,165.6
U16,swobodne,21,5276,5356,80,1696.1,168.7
U16,swobodne,22,5440,5902,462,939.7,924.1
U16,swobodne,23,5970,6308,338,652.0,169.5
U16,swobodne,24,6338,6548,210,791.1,171.7
U16,swobodne,25,6584,6714,130,1040.3,161.1
U16,swobodne,26,6742,6858,116,1189.4,163.0
U16,swobodne,27,6890,7070,180,1393.0,163.2
U16,swobodne,28,7106,7376,270,1572.9,154.9
U16,swobodne,29,7456,7550,94,949.8,972.1
U16,swobodne,30,7604,7804,200,433.0,736.9
U16,swobodne,31,7836,8034,198,343.5,574.7
U16,swobodne,32,8088,8200,112,683.3,172.4
U16,swobodne,33,8232,8332,100,871.3,165.7
U16,swobodne,34,8358,8494,136,1005.0,163.8
U16,swobodne,35,8562,8700,138,1676.9,589.8
U16,swobodne,36,8788,9046,258,638.3,167.4
U16,swobodne,37,9078,9378,300,851.0,168.1
U16,swobodne,38,9412,9506,94,1045.2,174.9
U16,swobodne,39,9536,9754,218,1167.3,172.1
U16,swobodne,40,9834,10000,166,176.3,310.6
U17,swobodne,1,0,230,230,964.1,531.7
U17,swobodne,2,292,372,80,1692.4,581.3
U17,swobodne,3,392,568,176,1687.8,627.4
U17,swobodne,4,654,808,154,651.7,171.4
U17,swobodne,5,834,952,118,799.9,163.5
U17,swobodne,6,988,1090,102,1048.1,163.2
U17,swobodne,7,1128,1208,80,1303.3,170.8
U17,swobodne,8,1244,1514,270,1564.1,164.0
U17,swobodne,9,1566,1758,192,1146.5,458.4
U17,swobodne,10,1796,1964,168,1194.0,739.7
U17,swobodne,11,2000,2206,206,1180.1,469.1
U17,swobodne,12,2268,2704,436,509.5,610.0
U17,swobodne,13,2728,3042,314,377.5,595.6
U17,swobodne,14,3082,3176,94,124.4,507.3
U17,swobodne,15,3248,3432,184,952.7,951.6
U17,swobodne,16,3500,3724,224,1715.5,644.4
U17,swobodne,17,3748,3892,144,1692.9,597.6
U17,swobodne,18,3916,4190,274,1658.9,601.3
U17,swobodne,19,4302,4484,182,191.0,141.2
U17,swobodne,20,4530,4836,306,626.8,160.9
U17,swobodne,21,4870,5120,250,837.9,160.1
U17,swobodne,22,5154,5386,232,1085.7,163.7
U17,swobodne,23,5418,5630,212,1288.3,154.9
U17,swobodne,24,5706,5900,194,309.9,302.5
U17,swobodne,25,5978,6078,100,1181.8,639.9
U17,swobodne,26,6140,6292,152,678.6,147.9
U17,swobodne,27,6320,6400,80,855.1,174.1
U17,swobodne,28,6440,6696,256,1127.5,174.9
U17,swobodne,29,6726,6854,128,1282.0,164.2
U17,swobodne,30,6888,7050,162,1489.6,169.0
U17,swobodne,31,7082,7278,196,1710.2,154.6
U17,swobodne,32,7362,7518,156,988.2,960.8
U17,swobodne,33,7584,7738,154,344.2,584.9
U17,swobodne,34,7768,7972,204,418.8,706.2
U17,swobodne,35,8002,8298,296,495.1,574.3
U17,swobodne,36,8358,8508,150,969.6,964.1
U17,swobodne,37,8530,8648,118,939.0,930.0
U17,swobodne,38,8710,8984,274,321.7,569.9
U17,swobodne,39,9004,9254,250,327.2,590.1
U17,swobodne,40,9324,9784,460,1172.6,475.9
U17,swobodne,41,9864,9944,80,152.2,689.7
U18,swobodne,1,0,202,202,983.8,554.2
U18,swobodne,2,258,606,348,423.4,663.1
U18,swobodne,3,672,832,160,1180.9,713.2
U18,swobodne,4,898,1178,280,638.8,171.1
U18,swobodne,5,1208,1418,210,782.9,164.9
U18,swobodne,6,1452,1608,156,985.7,180.6
U18,swobodne,7,1650,1880,230,1301.4,167.0
U18,swobodne,8,1934,2188,254,1686.4,651.7
U18,swobodne,9,2214,2696,482,1713.5,572.1
U18,swobodne,10,2716,2938,222,1708.2,569.2
U18,swobodne,11,2992,3104,112,1153.1,652.6
U18,swobodne,12,3156,3358,202,1692.2,656.6
U18,swobodne,13,3384,3812,428,1690.4,639.1
U18,swobodne,14,3906,4058,152,461.2,834.1
U18,swobodne,15,4124,4262,138,1158.5,637.4
U18,swobodne,16,4338,4500,162,202.9,385.4
U18,swobodne,17,4544,4794,250,487.6,632.2
U18,swobodne,18,4860,5358,498,1225.5,735.8
U18,swobodne,19,5400,5560,160,1232.7,421.1
U18,swobodne,20,5594,5762,168,1180.0,600.7
U18,swobodne,21,5812,6276,464,972.0,955.3
U18,swobodne,22,6296,6410,114,957.2,960.7
U18,swobodne,23,6462,6542,80,1185.0,448.9
U18,swobodne,24,6612,6872,260,1822.1,954.4
U18,swobodne,25,6974,7172,198,447.9,749.0
U18,swobodne,26,7266,7578,312,1677.6,544.0
U18,swobodne,27,7632,7854,222,1175.2,629.6
U18,swobodne,28,7916,8246,330,620.4,164.0
U18,swobodne,29,8282,8400,118,840.7,169.0
U18,swobodne,30,8432,8682,250,1064.7,170.8
U18,swobodne,31,8714,8948,234,1292.7,160.8
U18,swobodne,32,8982,9158,176,1511.2,162.8
U18,swobodne,33,9186,9552,366,1692.5,160.8
U18,swobodne,34,9614,9730,116,1213.6,608.4
U18,swobodne,35,9774,10000,226,1535.0,861.5
U19,swobodne,1,0,318,318,950.3,542.9
U19,swobodne,2,374,574,200,388.7,680.1
U19,swobodne,3,608,728,120,503.1,583.5
U19,swobodne,4,776,1062,286,648.1,165.7
U19,swobodne,5,1092,1288,196,799.7,163.3
U19,swobodne,6,1320,1556,236,983.0,159.4
U19,swobodne,7,1592,1828,236,1184.1,154.5
U19,swobodne,8,1860,2146,286,1407.8,155.4
U19,swobodne,9,2176,2532,356,1611.1,162.0
U19,swobodne,10,2624,3018,394,464.3,615.9
U19,swobodne,11,3044,3256,212,429.8,705.9
U19,swobodne,12,3320,3400,80,1186.3,635.8
U19,swobodne,13,3424,3630,206,1182.7,663.9
U19,swobodne,14,3698,4072,374,364.3,600.4
U19,swobodne,15,4180,4294,114,1828.3,911.7
U19,swobodne,16,4396,4522,126,697.6,173.2
U19,swobodne,17,4560,4774,214,930.4,161.8
U19,swobodne,18,4806,5024,218,1126.8,169.5
U19,swobodne,19,5090,5250,160,940.6,962.7
U19,swobodne,20,5270,5482,212,950.0,971.2
U19,swobodne,21,5554,5808,254,614.5,162.2
U19,swobodne,22,5842,6000,158,847.3,162.0
U19,swobodne,23,6034,6140,106,1068.7,160.2
U19,swobodne,24,6172,6342,170,1286.2,167.6
U19,swobodne,25,6378,6710,332,1523.0,173.3
U19,swobodne,26,6782,6948,166,687.3,169.7
U19,swobodne,27,6986,7138,152,938.7,167.3
U19,swobodne,28,7172,7304,132,1131.3,168.1
U19,swobodne,29,7338,7514,176,1387.6,162.3
U19,swobodne,30,7550,8022,472,1598.2,170.8
U19,swobodne,31,8114,8586,472,493.3,620.2
U19,swobodne,32,8616,8780,164,431.5,760.7
U19,swobodne,33,8814,9122,308,374.0,578.4
U19,swobodne,34,9154,9410,256,420.6,732.4
U19,swobodne,35,9434,9810,376,375.5,580.2
U19,swobodne,36,9882,10000,118,1174.5,403.9
U20,swobodne,1,0,274,274,954.0,528.5
U20,swobodne,2,340,540,200,1672.6,657.1
U20,swobodne,3,632,1146,514,516.6,595.2
U20,swobodne,4,1190,1472,282,653.0,167.5
U20,swobodne,5,1506,1642,136,881.4,182.2
U20,swobodne,6,1672,1826,154,1022.4,155.4
U20,swobodne,7,1858,2056,198,1173.0,175.8
U20,swobodne,8,2086,2266,180,1282.8,156.5
U20,swobodne,9,2338,2542,204,914.2,956.9
U20,swobodne,10,2612,2716,104,1724.4,590.6
U20,swobodne,11,2830,3188,358,190.6,207.3
U20,swobodne,12,3274,3464,190,1003.2,990.4
U20,swobodne,13,3514,3992,478,1193.6,506.5
U20,swobodne,14,4016,4284,268,1200.0,429.8
U20,swobodne,15,4338,4608,270,1685.0,602.9
U20,swobodne,16,4688,4926,238,711.3,169.5
U20,swobodne,17,4956,5044,88,876.4,165.9
U20,swobodne,18,5086,5208,122,1183.4,168.9
U20,swobodne,19,5242,5434,192,1421.9,162.9
U20,swobodne,20,5466,5824,358,1600.8,165.7
U20,swobodne,21,5872,6088,216,1695.2,535.1
U20,swobodne,22,6144,6446,302,1134.1,413.5
U20,swobodne,23,6480,6806,326,1127.0,633.9
U20,swobodne,24,6886,7116,230,190.6,281.9
U20,swobodne,25,7196,7452,256,1171.2,428.8
U20,swobodne,26,7508,7682,174,1687.6,615.5
U20,swobodne,27,7710,8018,308,1737.5,544.2
U20,swobodne,28,8094,8372,278,946.1,1001.7
U20,swobodne,29,8446,8690,244,612.3,170.3
U20,swobodne,30,8722,8820,98,820.8,180.5
U20,swobodne,31,8852,8932,80,983.3,169.9
U20,swobodne,32,8966,9192,226,1225.0,168.7
U20,swobodne,33,9224,9368,144,1405.2,168.1
U20,swobodne,34,9402,9566,164,1652.1,165.4
U20,swobodne,35,9620,9806,186,1180.8,440.3
U20,swobodne,36,9844,9924,80,1153.6,675.9
U21,ocena_ceny,1,0,190,190,976.2,555.1
U21,ocena_ceny,2,254,416,162,1666.0,581.6
U21,ocena_ceny,3,442,632,190,1699.1,640.6
U21,ocena_ceny,4,656,814,158,1687.9,628.1
U21,ocena_ceny,5,840,1450,610,1730.6,580.7
U21,ocena_ceny,6,1474,1702,228,1680.3,653.7
U21,ocena_ceny,7,1726,1886,160,1697.4,582.4
U21,ocena_ceny,8,1942,2098,156,1122.5,679.1
U21,ocena_ceny,9,2154,2380,226,483.0,710.1
U21,ocena_ceny,10,2446,2626,180,1216.1,632.2
U21,ocena_ceny,11,2654,3036,382,1147.9,676.6
U21,ocena_ceny,12,3088,3348,260,1669.0,574.5
U21,ocena_ceny,13,3370,3666,296,1697.6,653.9
U21,ocena_ceny,14,3780,3936,156,140.6,143.0
U21,ocena_ceny,15,3992,4100,108,408.3,704.6
U21,ocena_ceny,16,4162,4306,144,1164.6,620.7
U21,ocena_ceny,17,4332,4432,100,1168.5,781.5
U21,ocena_ceny,18,4454,4610,156,1162.4,714.5
U21,ocena_ceny,19,4648,4810,162,1173.0,412.0
U21,ocena_ceny,20,4880,5034,154,415.8,717.6
U21,ocena_ceny,21,5130,5598,468,1689.3,578.0
U21,ocena_ceny,22,5624,5854,230,1703.1,547.5
U21,ocena_ceny,23,5878,6132,254,1678.4,549.8
U21,ocena_ceny,24,6158,6576,418,1690.3,643.3
U21,ocena_ceny,25,6660,6834,174,712.8,158.9
U21,ocena_ceny,26,6866,7086,220,919.1,168.8
U21,ocena_ceny,27,7120,7342,222,1110.8,164.3
U21,ocena_ceny,28,7374,7576,202,1291.7,167.0
U21,ocena_ceny,29,7608,7958,350,1504.4,153.3
U21,ocena_ceny,30,8010,8308,298,1699.0,661.3
U21,ocena_ceny,31,8332,8582,250,1689.3,670.5
U21,ocena_ceny,32,8606,8798,192,1680.9,655.6
U21,ocena_ceny,33,8850,9052,202,1148.3,426.6
U21,ocena_ceny,34,9114,9262,148,440.0,635.1
U21,ocena_ceny,35,9330,9978,648,1239.7,660.5
U22,ocena_ceny,1,0,256,256,955.9,535.5
U22,ocena_ceny,2,322,654,332,1688.6,597.6
U22,ocena_ceny,3,678,1164,486,1706.8,562.0
U22,ocena_ceny,4,1188,1358,170,1658.7,600.1
U22,ocena_ceny,5,1468,1652,184,218.5,155.3
U22,ocena_ceny,6,1698,1942,244,665.5,163.4
U22,ocena_ceny,7,1974,2294,320,803.1,166.7
U22,ocena_ceny,8,2324,2794,470,992.1,157.1
U22,ocena_ceny,9,2862,2998,136,1680.5,606.7
U22,ocena_ceny,10,3020,3296,276,1687.3,651.7
U22,ocena_ceny,11,3394,3838,444,371.1,595.8
U22,ocena_ceny,12,3902,4156,254,949.3,973.6
U22,ocena_ceny,13,4210,4332,122,428.2,705.9
U22,ocena_ceny,14,4352,4608,256,428.8,672.7
U22,ocena_ceny,15,4706,5040,334,1716.3,576.5
U22,ocena_ceny,16,5092,5228,136,1175.7,459.6
U22,ocena_ceny,17,5296,5508,212,408.6,733.9
U22,ocena_ceny,18,5572,5764,192,1166.2,635.4
U22,ocena_ceny,19,5820,5932,112,1318.4,67.0
U22,ocena_ceny,20,5986,6384,398,1676.0,630.9
U22,ocena_ceny,21,6408,6858,450,1691.8,640.8
U22,ocena_ceny,22,6952,7188,236,430.0,668.3
U22,ocena_ceny,23,7214,7420,206,451.7,699.4
U22,ocena_ceny,24,7448,7622,174,482.4,560.8
U22,ocena_ceny,25,7684,8100,416,1179.1,668.7
U22,ocena_ceny,26,8160,8394,234,492.4,559.1
U22,ocena_ceny,27,8422,8902,480,500.0,625.9
U22,ocena_ceny,28,8956,9212,256,1094.7,626.5
U22,ocena_ceny,29,9240,9538,298,1161.5,463.1
U22,ocena_ceny,30,9596,9814,218,616.9,168.3
U22,ocena_ceny,31,9844,10000,156,830.6,171.3
U23,ocena_ceny,1,0,266,266,957.1,533.2
U23,ocena_ceny,2,314,614,300,489.6,596.9
U23,ocena_ceny,3,642,946,304,415.1,676.4
U23,ocena_ceny,4,1004,1134,130,970.8,980.1
U23,ocena_ceny,5,1156,1286,130,984.3,950.4
U23,ocena_ceny,6,1302,1518,216,970.4,921.1
U23,ocena_ceny,7,1558,1724,166,1180.2,625.6
U23,ocena_ceny,8,1754,2004,250,1190.4,438.3
U23,ocena_ceny,9,2060,2240,180,634.3,166.1
U23,ocena_ceny,10,2270,2350,80,819.5,160.3
U23,ocena_ceny,11,2382,2508,126,1017.9,161.2
U23,ocena_ceny,12,2538,2720,182,1166.6,163.9
U23,ocena_ceny,13,2756,2836,80,1416.2,160.4
U23,ocena_ceny,14,2890,3132,242,1136.0,646.7
U23,ocena_ceny,15,3156,3410,254,1170.9,609.9
U23,ocena_ceny,16,3464,3704,240,1731.3,586.1
U23,ocena_ceny,17,3818,3970,152,123.5,321.9
U23,ocena_ceny,18,4054,4474,420,1167.5,662.8
U23,ocena_ceny,19,4500,4736,236,1218.3,760.8
U23,ocena_ceny,20,4800,4958,158,495.0,588.1
U23,ocena_ceny,21,5020,5162,142,1187.2,648.4
U23,ocena_ceny,22,5202,5388,186,965.8,990.4
U23,ocena_ceny,23,5446,5824,378,491.0,575.2
U23,ocena_ceny,24,5852,6158,306,366.1,589.3
U23,ocena_ceny,25,6186,6470,284,414.6,693.5
U23,ocena_ceny,26,6528,6620,92,718.8,172.2
U23,ocena_ceny,27,6652,7104,452,885.3,181.2
U23,ocena_ceny,28,7134,7232,98,1043.9,167.0
U23,ocena_ceny,29,7280,7794,514,1171.4,610.5
U23,ocena_ceny,30,7824,7988,164,1186.2,441.9
U23,ocena_ceny,31,8040,8278,238,1699.0,587.5
U23,ocena_ceny,32,8374,8806,432,384.1,574.7
U23,ocena_ceny,33,8842,9096,254,459.2,734.3
U23,ocena_ceny,34,9134,9356,222,190.3,677.8
U23,ocena_ceny,35,9424,9682,258,948.4,914.9
U23,ocena_ceny,36,9726,9998,272,1196.9,606.8
U24,ocena_ceny,1,0,192,192,974.7,529.8
U24,ocena_ceny,2,256,680,424,1646.4,566.1
U24,ocena_ceny,3,706,1132,426,1713.5,611.3
U24,ocena_ceny,4,1154,1390,236,1702.8,600.9
U24,ocena_ceny,5,1432,1532,100,1718.6,1005.9
U24,ocena_ceny,6,1628,1912,284,443.7,674.9
U24,ocena_ceny,7,1934,2446,512,406.0,652.0
U24,ocena_ceny,8,2500,2972,472,655.2,166.1
U24,ocena_ceny,9,3004,3356,352,835.3,170.9
U24,ocena_ceny,10,3386,3538,152,1021.7,170.5
U24,ocena_ceny,11,3572,3714,142,1222.5,170.8
U24,ocena_ceny,12,3768,4516,748,1179.4,695.7
U24,ocena_ceny,13,4568,5140,572,1672.9,682.9
U24,ocena_ceny,14,5224,5390,166,652.7,159.9
U24,ocena_ceny,15,5422,5748,326,863.8,157.6
U24,ocena_ceny,16,5784,6180,396,1102.8,169.1
U24,ocena_ceny,17,6218,6434,216,1321.4,180.0
U24,ocena_ceny,18,6468,6612,144,1540.9,164.8
U24,ocena_ceny,19,6642,6878,236,1734.7,169.6
U24,ocena_ceny,20,6982,7144,162,399.1,701.6
U24,ocena_ceny,21,7174,7836,662,359.1,589.2
U24,ocena_ceny,22,7932,8132,200,1657.4,625.9
U24,ocena_ceny,23,8156,8364,208,1683.4,614.0
U24,ocena_ceny,24,8462,8702,240,409.7,626.6
U24,ocena_ceny,25,8728,9078,350,410.3,674.7
U24,ocena_ceny,26,9108,9428,320,509.4,615.5
U24,ocena_ceny,27,9476,9722,246,635.2,160.1
U24,ocena_ceny,28,9756,10000,244,775.6,162.0
U25,ocena_ceny,1,0,234,234,946.0,544.1
U25,ocena_ceny,2,284,486,202,650.7,176.3
U25,ocena_ceny,3,522,710,188,869.5,170.2
U25,ocena_ceny,4,748,1058,310,1136.6,174.4
U25,ocena_ceny,5,1088,1400,312,1313.5,178.1
U25,ocena_ceny,6,1450,1530,80,1182.0,695.4
U25,ocena_ceny,7,1556,1770,214,1249.6,620.8
U25,ocena_ceny,8,1818,2264,446,1705.2,564.0
U25,ocena_ceny,9,2286,2424,138,1703.0,583.6
U25,ocena_ceny,10,2454,2652,198,1679.5,659.3
U25,ocena_ceny,11,2676,2948,272,1703.2,620.1
U25,ocena_ceny,12,2974,3244,270,1674.8,557.0
U25,ocena_ceny,13,3354,3494,140,181.1,292.2
U25,ocena_ceny,14,3538,3618,80,540.2,308.3
U25,ocena_ceny,15,3652,3782,130,705.8,173.5
U25,ocena_ceny,16,3812,4028,216,865.9,176.6
U25,ocena_ceny,17,4064,4388,324,1118.8,157.0
U25,ocena_ceny,18,4420,4746,326,1283.9,167.9
U25,ocena_ceny,19,4774,4892,118,1429.5,152.9
U25,ocena_ceny,20,4938,5178,240,1211.4,464.4
U25,ocena_ceny,21,5210,5564,354,1173.9,659.1
U25,ocena_ceny,22,5590,5996,406,1189.7,766.8
U25,ocena_ceny,23,6036,6496,460,963.6,999.3
U25,ocena_ceny,24,6582,6802,220,171.0,210.5
U25,ocena_ceny,25,6828,7244,416,139.7,276.3
U25,ocena_ceny,26,7324,7450,126,966.7,948.3
U25,ocena_ceny,27,7494,7604,110,1136.7,638.7
U25,ocena_ceny,28,7668,7892,224,627.2,163.4
U25,ocena_ceny,29,7924,8012,88,817.0,162.6
U25,ocena_ceny,30,8042,8274,232,971.1,168.0
U25,ocena_ceny,31,8300,8454,154,1120.4,171.2
U25,ocena_ceny,32,8486,8710,224,1280.1,162.1
U25,ocena_ceny,33,8810,8956,146,46.1,679.7
U25,ocena_ceny,34,9072,9594,522,1699.5,607.3
U25,ocena_ceny,35,9618,9728,110,1666.8,554.9
U25,ocena_ceny,36,9820,10000,180,449.0,642.5
U26,ocena_ceny,1,0,262,262,975.5,537.0
U26,ocena_ceny,2,320,616,296,366.5,608.1
U26,ocena_ceny,3,642,806,164,337.4,589.3
U26,ocena_ceny,4,856,1034,178,614.9,160.1
U26,ocena_ceny,5,1066,1622,556,857.5,163.9
U26,ocena_ceny,6,1652,2110,458,1053.9,173.0
U26,ocena_ceny,7,2136,2296,160,1177.9,167.8
U26,ocena_ceny,8,2358,2706,348,1710.8,615.7
U26,ocena_ceny,9,2760,3050,290,1146.8,581.0
U26,ocena_ceny,10,3096,3250,154,944.2,935.8
U26,ocena_ceny,11,3312,3828,516,1675.2,678.2
U26,ocena_ceny,12,3926,4026,100,364.4,573.1
U26,ocena_ceny,13,4088,4188,100,964.0,932.8
U26,ocena_ceny,14,4210,4600,390,959.7,997.9
U26,ocena_ceny,15,4672,5344,672,1699.2,591.0
U26,ocena_ceny,16,5364,5806,442,1697.4,633.3
U26,ocena_ceny,17,5830,6518,688,1686.0,662.1
U26,ocena_ceny,18,6600,7024,424,696.1,153.9
U26,ocena_ceny,19,7058,7338,280,918.0,171.3
U26,ocena_ceny,20,7368,7916,548,1105.2,162.6
U26,ocena_ceny,21,7950,8192,242,1324.4,151.9
U26,ocena_ceny,22,8226,8562,336,1544.2,163.0
U26,ocena_ceny,23,8610,9164,554,1655.1,649.8
U26,ocena_ceny,24,9190,9412,222,1749.3,618.4
U26,ocena_ceny,25,9438,10000,562,1716.7,579.1
U27,ocena_ceny,1,0,326,326,965.5,562.1
U27,ocena_ceny,2,366,672,306,1158.0,801.0
U27,ocena_ceny,3,724,1518,794,1644.2,553.7
U27,ocena_ceny,4,1538,1718,180,1676.8,606.2
U27,ocena_ceny,5,1738,2052,314,1697.0,593.6
U27,ocena_ceny,6,2166,2296,130,156.2,169.7
U27,ocena_ceny,7,2406,2638,232,1651.5,602.3
U27,ocena_ceny,8,2666,2844,178,1694.6,685.3
U27,ocena_ceny,9,2894,3110,216,1212.6,568.2
U27,ocena_ceny,10,3138,3336,198,1182.7,646.1
U27,ocena_ceny,11,3398,3726,328,702.0,159.6
U27,ocena_ceny,12,3756,3994,238,890.7,147.3
U27,ocena_ceny,13,4028,4128,100,1096.5,168.7
U27,ocena_ceny,14,4162,4360,198,1350.7,171.5
U27,ocena_ceny,15,4392,4472,80,1584.1,171.2
U27,ocena_ceny,16,4550,4774,224,949.2,924.6
U27,ocena_ceny,17,4842,4922,80,685.2,163.2
U27,ocena_ceny,18,4958,5250,292,924.1,171.8
U27,ocena_ceny,19,5282,5466,184,1148.3,159.4
U27,ocena_ceny,20,5520,5838,318,1189.9,720.1
U27,ocena_ceny,21,5858,6284,426,1189.6,766.5
U27,ocena_ceny,22,6308,6606,298,1230.8,698.9
U27,ocena_ceny,23,6654,6854,200,1658.4,592.5
U27,ocena_ceny,24,6906,7010,104,1879.3,59.3
U27,ocena_ceny,25,7106,7372,266,975.8,933.0
U27,ocena_ceny,26,7412,7698,286,1233.8,664.3
U27,ocena_ceny,27,7722,8038,316,1150.4,604.1
U27,ocena_ceny,28,8098,8404,306,621.9,168.0
U27,ocena_ceny,29,8440,8714,274,857.7,177.4
U27,ocena_ceny,30,8746,8990,244,1056.9,175.4
U27,ocena_ceny,31,9054,9500,446,964.8,947.7
U27,ocena_ceny,32,9520,9658,138,972.0,949.7
U27,ocena_ceny,33,9728,9934,206,1684.9,563.3
U27,ocena_ceny,34,9960,10000,40,1721.5,639.7
U28,ocena_ceny,1,0,182,182,956.1,551.6
U28,ocena_ceny,2,238,348,110,425.1,746.3
U28,ocena_ceny,3,442,686,244,1675.1,611.9
U28,ocena_ceny,4,712,934,222,1678.5,580.9
U28,ocena_ceny,5,1004,1260,256,949.3,929.2
U28,ocena_ceny,6,1324,1588,264,369.6,577.8
U28,ocena_ceny,7,1612,1832,220,366.4,600.7
U28,ocena_ceny,8,1856,2136,280,367.0,595.3
U28,ocena_ceny,9,2196,2388,192,982.3,939.8
U28,ocena_ceny,10,2414,2592,178,960.9,933.8
U28,ocena_ceny,11,2660,2864,204,679.0,164.6
U28,ocena_ceny,12,2898,3094,196,859.2,170.0
U28,ocena_ceny,13,3128,3296,168,1135.9,173.9
U28,ocena_ceny,14,3326,3464,138,1301.0,169.7
U28,ocena_ceny,15,3492,3638,146,1459.8,179.1
U28,ocena_ceny,16,3670,3804,134,1666.8,175.2
U28,ocena_ceny,17,3860,3988,128,1136.9,450.5
U28,ocena_ceny,18,4046,4204,158,486.3,591.3
U28,ocena_ceny,19,4250,4520,270,605.4,167.6
U28,ocena_ceny,20,4560,4850,290,916.4,173.7
U28,ocena_ceny,21,4884,5178,294,1084.3,163.3
U28,ocena_ceny,22,5204,5426,222,1188.4,173.9
U28,ocena_ceny,23,5458,5688,230,1396.4,150.9
U28,ocena_ceny,24,5722,6002,280,1567.8,156.5
U28,ocena_ceny,25,6046,6544,498,1657.6,576.3
U28,ocena_ceny,26,6564,6814,250,1700.5,617.5
U28,ocena_ceny,27,6864,7010,146,1183.4,632.1
U28,ocena_ceny,28,7060,7488,428,1733.7,567.5
U28,ocena_ceny,29,7508,7868,360,1691.7,587.0
U28,ocena_ceny,30,7896,8024,128,1750.3,604.0
U28,ocena_ceny,31,8078,8382,304,1212.2,588.4
U28,ocena_ceny,32,8446,8558,112,517.2,594.9
U28,ocena_ceny,33,8622,8766,144,1229.0,412.8
U28,ocena_ceny,34,8804,8956,152,1202.3,633.2
U28,ocena_ceny,35,9020,9170,150,547.6,871.0
U28,ocena_ceny,36,9214,9424,210,370.0,561.2
U28,ocena_ceny,37,9448,9704,256,411.7,642.4
U28,ocena_ceny,38,9730,9848,118,359.1,580.4
U28,ocena_ceny,39,9902,10000,98,654.1,162.3
U29,ocena_ceny,1,0,272,272,966.7,542.8
U29,ocena_ceny,2,316,430,114,968.9,977.2
U29,ocena_ceny,3,500,978,478,1671.0,597.3
U29,ocena_ceny,4,1032,1374,342,1120.2,403.3
U29,ocena_ceny,5,1428,1578,150,972.3,951.0
U29,ocena_ceny,6,1600,1732,132,966.8,916.3
U29,ocena_ceny,7,1800,2160,360,1702.2,587.0
U29,ocena_ceny,8,2262,2352,90,390.0,560.5
U29,ocena_ceny,9,2412,2730,318,895.1,972.2
U29,ocena_ceny,10,2758,3108,350,988.9,927.9
U29,ocena_ceny,11,3188,3282,94,1791.8,239.0
U29,ocena_ceny,12,3330,3638,308,1689.2,641.4
U29,ocena_ceny,13,3726,3916,190,519.1,587.1
U29,ocena_ceny,14,3942,4256,314,436.5,669.7
U29,ocena_ceny,15,4280,4610,330,387.2,623.9
U29,ocena_ceny,16,4680,4864,184,1186.6,589.2
U29,ocena_ceny,17,4904,4992,88,1158.4,358.5
U29,ocena_ceny,18,5014,5286,272,1169.0,370.9
U29,ocena_ceny,19,5322,5498,176,1183.4,596.4
U29,ocena_ceny,20,5582,5752,170,162.9,137.5
U29,ocena_ceny,21,5840,5972,132,956.9,928.6
U29,ocena_ceny,22,5998,6160,162,977.8,986.0
U29,ocena_ceny,23,6226,6488,262,1678.3,676.3
U29,ocena_ceny,24,6508,6722,214,1699.3,670.6
U29,ocena_ceny,25,6742,7030,288,1693.5,664.7
U29,ocena_ceny,26,7122,7240,118,418.7,646.2
U29,ocena_ceny,27,7272,7398,126,319.3,617.5
U29,ocena_ceny,28,7462,7654,192,964.1,974.0
U29,ocena_ceny,29,7674,7908,234,928.5,938.6
U29,ocena_ceny,30,7978,8296,318,1691.9,576.5
U29,ocena_ceny,31,8318,8648,330,1709.7,558.3
U29,ocena_ceny,32,8738,8840,102,628.4,150.1
U29,ocena_ceny,33,8880,9008,128,934.4,175.9
U29,ocena_ceny,34,9038,9178,140,1136.2,156.4
U29,ocena_ceny,35,9214,9654,440,1375.9,165.9
U29,ocena_ceny,36,9686,9940,254,1537.2,171.8
U30,ocena_ceny,1,0,156,156,972.7,550.7
U30,ocena_ceny,2,216,924,708,1623.8,610.0
U30,ocena_ceny,3,972,1076,104,1151.8,580.9
U30,ocena_ceny,4,1104,1576,472,1161.4,439.1
U30,ocena_ceny,5,1632,1748,116,615.6,157.3
U30,ocena_ceny,6,1776,1974,198,766.9,173.3
U30,ocena_ceny,7,2008,2088,80,946.2,163.1
U30,ocena_ceny,8,2122,2350,228,1183.4,171.2
U30,ocena_ceny,9,2380,2658,278,1361.9,161.3
U30,ocena_ceny,10,2708,2906,198,1196.8,621.6
U30,ocena_ceny,11,2930,3078,148,1213.3,711.8
U30,ocena_ceny,12,3126,3436,310,1682.4,629.3
U30,ocena_ceny,13,3484,3602,118,1226.9,747.5
U30,ocena_ceny,14,3630,3854,224,1114.1,674.4
U30,ocena_ceny,15,3912,4164,252,712.0,165.6
U30,ocena_ceny,16,4194,4440,246,896.2,155.6
U30,ocena_ceny,17,4474,4656,182,1126.9,154.6
U30,ocena_ceny,18,4688,4984,296,1328.1,163.5
U30,ocena_ceny,19,5058,5388,330,486.7,586.0
U30,ocena_ceny,20,5450,5596,146,1168.2,672.7
U30,ocena_ceny,21,5620,5900,280,1176.3,646.2
U30,ocena_ceny,22,5952,6310,358,1720.5,564.7
U30,ocena_ceny,23,6340,6680,340,1690.1,644.3
U30,ocena_ceny,24,6708,7086,378,1651.5,575.7
U30,ocena_ceny,25,7114,7300,186,1748.1,574.5
U30,ocena_ceny,26,7372,7688,316,968.1,938.4
U30,ocena_ceny,27,7752,7970,218,1654.7,588.8
U30,ocena_ceny,28,7994,8308,314,1704.1,669.7
U30,ocena_ceny,29,8404,8926,522,406.4,689.6
U30,ocena_ceny,30,8988,9108,120,1107.8,604.5
U30,ocena_ceny,31,9138,9678,540,1144.1,418.0
U30,ocena_ceny,32,9716,10000,284,1136.7,691.4
U31,ocena_ceny,1,0,166,166,947.0,550.6
U31,ocena_ceny,2,238,362,124,67.6,311.1
U31,ocena_ceny,3,476,1078,602,1716.0,606.0
U31,ocena_ceny,4,1146,1226,80,913.8,264.1
U31,ocena_ceny,5,1296,1668,372,1697.8,574.3
U31,ocena_ceny,6,1692,2030,338,1666.8,555.4
U31,ocena_ceny,7,2116,2240,124,619.2,174.0
U31,ocena_ceny,8,2270,2410,140,805.5,167.1
U31,ocena_ceny,9,2440,2640,200,952.2,164.8
U31,ocena_ceny,10,2676,2998,322,1139.7,169.4
U31,ocena_ceny,11,3030,3310,280,1336.6,159.1
U31,ocena_ceny,12,3342,3596,254,1510.5,161.9
U31,ocena_ceny,13,3656,4120,464,1144.3,646.0
U31,ocena_ceny,14,4160,4350,190,1278.0,318.0
U31,ocena_ceny,15,4398,4690,292,1662.0,606.2
U31,ocena_ceny,16,4714,5048,334,1675.7,585.9
U31,ocena_ceny,17,5138,5304,166,627.9,167.1
U31,ocena_ceny,18,5336,5504,168,811.8,169.1
U31,ocena_ceny,19,5536,5790,254,1009.8,174.8
U31,ocena_ceny,20,5826,6058,232,1212.9,177.1
U31,ocena_ceny,21,6104,6334,230,1167.0,648.8
U31,ocena_ceny,22,6366,6752,386,1168.4,772.8
U31,ocena_ceny,23,6824,6904,80,611.9,161.1
U31,ocena_ceny,24,6934,7196,262,759.6,174.4
U31,ocena_ceny,25,7228,7542,314,997.4,161.9
U31,ocena_ceny,26,7574,7870,296,1178.1,170.6
U31,ocena_ceny,27,7900,8056,156,1337.1,155.1
U31,ocena_ceny,28,8090,8350,260,1521.1,156.3
U31,ocena_ceny,29,8396,8648,252,1691.4,579.8
U31,ocena_ceny,30,8754,8940,186,338.2,41.8
U31,ocena_ceny,31,9020,9322,302,939.6,936.2
U31,ocena_ceny,32,9392,9946,554,1689.1,615.2
U32,ocena_ceny,1,0,292,292,969.4,532.2
U32,ocena_ceny,2,342,780,438,496.1,572.8
U32,ocena_ceny,3,812,1000,188,367.8,576.3
U32,ocena_ceny,4,1048,1230,182,670.4,168.7
U32,ocena_ceny,5,1264,1458,194,896.1,155.1
U32,ocena_ceny,6,1492,1912,420,1084.3,154.1
U32,ocena_ceny,7,1944,2110,166,1246.6,162.3
U32,ocena_ceny,8,2140,2356,216,1362.4,161.0
U32,ocena_ceny,9,2390,2688,298,1589.5,171.1
U32,ocena_ceny,10,2764,2866,102,1005.3,957.6
U32,ocena_ceny,11,2932,3214,282,1683.0,615.1
U32,ocena_ceny,12,3334,3530,196,165.1,153.2
U32,ocena_ceny,13,3620,3740,120,997.2,932.4
U32,ocena_ceny,14,3760,3854,94,987.6,979.0
U32,ocena_ceny,15,3880,4250,370,957.6,924.3
U32,ocena_ceny,16,4322,4452,130,614.2,158.4
U32,ocena_ceny,17,4484,4726,242,808.6,168.6
U32,ocena_ceny,18,4762,4956,194,1013.5,156.0
U32,ocena_ceny,19,4986,5154,168,1198.4,165.6
U32,ocena_ceny,20,5184,5332,148,1402.5,150.4
U32,ocena_ceny,21,5390,5590,200,1710.7,640.9
U32,ocena_ceny,22,5656,5924,268,972.0,967.5
U32,ocena_ceny,23,5968,6370,402,1203.3,663.7
U32,ocena_ceny,24,6400,6544,144,1150.7,513.4
U32,ocena_ceny,25,6620,7000,380,225.4,177.8
U32,ocena_ceny,26,7084,7518,434,945.1,958.8
U32,ocena_ceny,27,7590,7812,222,1698.3,621.1
U32,ocena_ceny,28,7836,8128,292,1710.9,657.1
U32,ocena_ceny,29,8182,8290,108,1177.5,427.9
U32,ocena_ceny,30,8328,8664,336,1168.0,745.0
U32,ocena_ceny,31,8728,9162,434,654.7,168.0
U32,ocena_ceny,32,9196,9368,172,871.2,160.8
U32,ocena_ceny,33,9400,9566,166,1067.8,168.1
U32,ocena_ceny,34,9602,9720,118,1271.0,178.0
U32,ocena_ceny,35,9754,9964,210,1488.4,164.4
U33,ocena_ceny,1,0,218,218,956.2,538.4
U33,ocena_ceny,2,272,592,320,415.5,700.9
U33,ocena_ceny,3,612,786,174,433.0,675.2
U33,ocena_ceny,4,882,1384,502,1653.6,641.6
U33,ocena_ceny,5,1474,1696,222,517.2,562.8
U33,ocena_ceny,6,1732,1862,130,364.4,586.5
U33,ocena_ceny,7,1928,2300,372,1123.2,656.2
U33,ocena_ceny,8,2352,2656,304,1689.9,577.1
U33,ocena_ceny,9,2680,3006,326,1699.8,584.7
U33,ocena_ceny,10,3030,3184,154,1718.1,596.8
U33,ocena_ceny,11,3202,3340,138,1718.9,604.8
U33,ocena_ceny,12,3360,3790,430,1714.6,579.5
U33,ocena_ceny,13,3844,4206,362,1203.7,366.2
U33,ocena_ceny,14,4244,4560,316,1196.3,663.2
U33,ocena_ceny,15,4622,5040,418,465.7,605.7
U33,ocena_ceny,16,5068,5252,184,403.6,604.5
U33,ocena_ceny,17,5274,5402,128,354.6,599.7
U33,ocena_ceny,18,5462,5656,194,994.1,572.1
U33,ocena_ceny,19,5700,5962,262,946.5,971.3
U33,ocena_ceny,20,5986,6484,498,914.6,981.9
U33,ocena_ceny,21,6526,6748,222,1203.4,658.3
U33,ocena_ceny,22,6800,6988,188,1705.8,554.7
U33,ocena_ceny,23,7060,7322,262,934.4,940.9
U33,ocena_ceny,24,7384,7464,80,1045.9,269.3
U33,ocena_ceny,25,7524,7872,348,1681.7,612.4
U33,ocena_ceny,26,7966,8174,208,428.2,653.5
U33,ocena_ceny,27,8200,8484,284,423.2,736.3
U33,ocena_ceny,28,8532,8870,338,931.6,974.2
U33,ocena_ceny,29,8898,9132,234,972.8,969.1
U33,ocena_ceny,30,9168,9270,102,1096.6,752.9
U33,ocena_ceny,31,9296,9600,304,1153.6,737.2
U33,ocena_ceny,32,9688,10000,312,111.7,332.6
U34,ocena_ceny,1,0,330,330,944.7,534.4
U34,ocena_ceny,2,380,898,518,959.7,949.5
U34,ocena_ceny,3,916,1078,162,985.1,957.3
U34,ocena_ceny,4,1136,1572,436,493.3,600.4
U34,ocena_ceny,5,1626,1968,342,996.6,971.9
U34,ocena_ceny,6,2058,2138,80,204.5,164.1
U34,ocena_ceny,7,2252,2418,166,1685.4,601.0
U34,ocena_ceny,8,2440,2946,506,1689.9,596.7
U34,ocena_ceny,9,3040,3400,360,418.3,655.2
U34,ocena_ceny,10,3494,3948,454,1640.3,594.3
U34,ocena_ceny,11,3974,4196,222,1684.1,661.2
U34,ocena_ceny,12,4216,4474,258,1697.6,657.4
U34,ocena_ceny,13,4542,4848,306,977.8,992.4
U34,ocena_ceny,14,4870,5054,184,975.0,966.6
U34,ocena_ceny,15,5122,5650,528,657.2,165.5
U34,ocena_ceny,16,5682,5762,80,935.3,168.8
U34,ocena_ceny,17,5794,6036,242,1141.7,166.0
U34,ocena_ceny,18,6070,6198,128,1352.3,160.5
U34,ocena_ceny,19,6244,6436,192,922.9,290.6
U34,ocena_ceny,20,6480,6930,450,1205.7,624.8
U34,ocena_ceny,21,6978,7182,204,1668.8,576.6
U34,ocena_ceny,22,7202,7762,560,1683.2,574.5
U34,ocena_ceny,23,7872,8104,232,190.8,306.9
U34,ocena_ceny,24,8144,8328,184,369.2,627.6
U34,ocena_ceny,25,8424,8698,274,1693.3,646.9
U34,ocena_ceny,26,8784,9082,298,699.3,161.9
U34,ocena_ceny,27,9110,9280,170,890.5,163.9
U34,ocena_ceny,28,9310,9482,172,1060.2,156.3
U34,ocena_ceny,29,9512,9696,184,1244.4,159.1
U34,ocena_ceny,30,9772,10000,228,409.2,670.0
U35,ocena_ceny,1,0,250,250,945.8,543.1
U35,ocena_ceny,2,284,630,346,1208.6,616.6
U35,ocena_ceny,3,656,910,254,1183.9,704.9
U35,ocena_ceny,4,960,1578,618,1693.2,646.8
U35,ocena_ceny,5,1644,1802,158,968.8,955.3
U35,ocena_ceny,6,1824,2126,302,935.2,960.4
U35,ocena_ceny,7,2144,2414,270,928.3,946.0
U35,ocena_ceny,8,2486,2630,144,638.7,169.8
U35,ocena_ceny,9,2658,2916,258,802.2,169.4
U35,ocena_ceny,10,2950,3144,194,1030.3,173.9
U35,ocena_ceny,11,3210,3364,154,353.7,608.0
U35,ocena_ceny,12,3464,4010,546,1703.9,647.5
U35,ocena_ceny,13,4100,4276,176,670.0,167.8
U35,ocena_ceny,14,4312,4554,242,923.4,167.7
U35,ocena_ceny,15,4588,4892,304,1153.6,174.0
U35,ocena_ceny,16,4930,5230,300,1421.8,160.6
U35,ocena_ceny,17,5264,5566,302,1614.0,171.8
U35,ocena_ceny,18,5664,5852,188,418.5,616.2
U35,ocena_ceny,19,5874,6088,214,388.1,611.9
U35,ocena_ceny,20,6184,6430,246,1678.9,640.8
U35,ocena_ceny,21,6458,6756,298,1714.8,581.7
U35,ocena_ceny,22,6780,7336,556,1676.8,582.7
U35,ocena_ceny,23,7360,7660,300,1696.3,555.3
U35,ocena_ceny,24,7770,8122,352,196.9,280.2
U35,ocena_ceny,25,8204,8314,110,1148.4,639.9
U35,ocena_ceny,26,8348,8486,138,1179.2,444.4
U35,ocena_ceny,27,8538,8738,200,958.0,931.1
U35,ocena_ceny,28,8790,8978,188,486.7,603.4
U35,ocena_ceny,29,9072,9542,470,1670.8,599.7
U35,ocena_ceny,30,9562,10000,438,1699.6,611.6
U36,ocena_ceny,1,0,182,182,962.1,555.3
U36,ocena_ceny,2,246,506,260,1697.5,678.1
U36,ocena_ceny,3,534,974,440,1680.0,584.6
U36,ocena_ceny,4,996,1408,412,1694.7,575.3
U36,ocena_ceny,5,1504,1822,318,417.3,708.4
U36,ocena_ceny,6,1848,2272,424,432.4,661.4
U36,ocena_ceny,7,2326,2734,408,195.4,178.7
U36,ocena_ceny,8,2784,3188,404,504.2,607.8
U36,ocena_ceny,9,3244,3386,142,983.7,953.1
U36,ocena_ceny,10,3458,3722,264,627.0,174.7
U36,ocena_ceny,11,3748,3896,148,806.5,153.4
U36,ocena_ceny,12,3930,4058,128,980.5,169.4
U36,ocena_ceny,13,4122,4318,196,382.2,577.4
U36,ocena_ceny,14,4368,4480,112,638.8,168.2
U36,ocena_ceny,15,4516,4922,406,896.2,154.7
U36,ocena_ceny,16,4962,5128,166,1130.9,167.5
U36,ocena_ceny,17,5162,5370,208,1347.2,170.4
U36,ocena_ceny,18,5406,5676,270,1575.4,176.1
U36,ocena_ceny,19,5724,6006,282,1732.2,605.5
U36,ocena_ceny,20,6078,6400,322,966.2,991.9
U36,ocena_ceny,21,6422,6614,192,963.2,958.7
U36,ocena_ceny,22,6686,7262,576,1681.6,532.9
U36,ocena_ceny,23,7288,7572,284,1693.6,585.8
U36,ocena_ceny,24,7668,7920,252,379.6,698.3
U36,ocena_ceny,25,8018,8406,388,1694.9,572.3
U36,ocena_ceny,26,8432,8778,346,1698.5,643.3
U36,ocena_ceny,27,8804,9134,330,1720.9,589.3
U36,ocena_ceny,28,9206,9622,416,970.5,929.3
U36,ocena_ceny,29,9692,9966,274,719.1,158.7
U37,ocena_ceny,1,0,270,270,949.4,534.5
U37,ocena_ceny,2,334,534,200,1692.4,603.1
U37,ocena_ceny,3,656,914,258,56.1,43.2
U37,ocena_ceny,4,1038,1362,324,1701.4,547.9
U37,ocena_ceny,5,1384,1612,228,1701.5,552.8
U37,ocena_ceny,6,1664,1928,264,1185.2,722.8
U37,ocena_ceny,7,1958,2104,146,1171.1,589.6
U37,ocena_ceny,8,2158,2264,106,1720.5,566.1
U37,ocena_ceny,9,2290,2530,240,1665.0,566.0
U37,ocena_ceny,10,2614,2824,210,653.9,171.4
U37,ocena_ceny,11,2856,2962,106,860.8,173.9
U37,ocena_ceny,12,2996,3326,330,1017.9,174.8
U37,ocena_ceny,13,3360,3594,234,1224.7,164.9
U37,ocena_ceny,14,3628,3884,256,1413.7,173.3
U37,ocena_ceny,15,3916,4030,114,1638.7,171.3
U37,ocena_ceny,16,4078,4386,308,1706.2,578.4
U37,ocena_ceny,17,4434,4944,510,1703.5,1023.0
U37,ocena_ceny,18,4990,5460,470,1689.0,586.1
U37,ocena_ceny,19,5482,5796,314,1667.5,570.2
U37,ocena_ceny,20,5904,6180,276,202.2,136.9
U37,ocena_ceny,21,6268,6508,240,1188.2,678.7
U37,ocena_ceny,22,6568,6792,224,679.9,172.9
U37,ocena_ceny,23,6828,7046,218,921.8,153.8
U37,ocena_ceny,24,7080,7160,80,1142.6,154.9
U37,ocena_ceny,25,7192,7498,306,1280.5,167.6
U37,ocena_ceny,26,7532,7792,260,1526.2,162.7
U37,ocena_ceny,27,7820,8188,368,1757.7,159.0
U37,ocena_ceny,28,8256,8492,236,1191.9,728.3
U37,ocena_ceny,29,8522,8634,112,1142.4,615.2
U37,ocena_ceny,30,8676,8998,322,877.0,353.9
U37,ocena_ceny,31,9052,9434,382,374.4,597.9
U37,ocena_ceny,32,9456,9608,152,375.3,584.4
U37,ocena_ceny,33,9656,9834,178,643.5,174.5
U37,ocena_ceny,34,9866,10000,134,863.6,156.2
U38,ocena_ceny,1,0,192,192,951.9,541.7
U38,ocena_ceny,2,256,580,324,1687.4,575.3
U38,ocena_ceny,3,604,914,310,1683.4,660.6
U38,ocena_ceny,4,936,1352,416,1671.0,596.7
U38,ocena_ceny,5,1370,1880,510,1666.9,591.4
U38,ocena_ceny,6,1946,2296,350,976.3,966.3
U38,ocena_ceny,7,2352,2712,360,425.2,649.3
U38,ocena_ceny,8,2768,3122,354,975.4,981.2
U38,ocena_ceny,9,3194,3274,80,672.4,172.5
U38,ocena_ceny,10,3302,3550,248,882.4,167.8
U38,ocena_ceny,11,3584,3804,220,1066.3,160.7
U38,ocena_ceny,12,3836,4054,218,1261.0,163.8
U38,ocena_ceny,13,4090,4186,96,1493.2,172.6
U38,ocena_ceny,14,4234,4468,234,1676.9,660.0
U38,ocena_ceny,15,4488,4778,290,1663.2,600.9
U38,ocena_ceny,16,4872,5316,444,446.4,720.0
U38,ocena_ceny,17,5346,5728,382,382.5,590.4
U38,ocena_ceny,18,5752,6068,316,370.8,570.4
U38,ocena_ceny,19,6164,6664,500,1673.1,645.4
U38,ocena_ceny,20,6686,6860,174,1692.0,607.5
U38,ocena_ceny,21,6884,7394,510,1704.0,569.4
U38,ocena_ceny,22,7418,7774,356,1634.8,579.2
U38,ocena_ceny,23,7868,8006,138,379.0,568.6
U38,ocena_ceny,24,8062,8212,150,953.5,942.2
U38,ocena_ceny,25,8282,8762,480,1693.7,560.0
U38,ocena_ceny,26,8846,9156,310,711.8,172.0
U38,ocena_ceny,27,9186,9392,206,875.6,169.5
U38,ocena_ceny,28,9422,9516,94,1023.2,173.8
U38,ocena_ceny,29,9566,9886,320,1189.6,640.1
U38,ocena_ceny,30,9936,10000,64,1677.6,596.0
U39,ocena_ceny,1,0,254,254,945.9,523.3
U39,ocena_ceny,2,292,732,440,1197.2,647.1
U39,ocena_ceny,3,760,994,234,1232.0,756.4
U39,ocena_ceny,4,1068,1240,172,376.5,567.0
U39,ocena_ceny,5,1336,1948,612,1681.8,554.8
U39,ocena_ceny,6,1972,2206,234,1734.4,581.2
U39,ocena_ceny,7,2296,2424,128,536.6,603.1
U39,ocena_ceny,8,2452,2746,294,466.7,596.5
U39,ocena_ceny,9,2768,2980,212,430.4,650.6
U39,ocena_ceny,10,3008,3550,542,357.2,593.2
U39,ocena_ceny,11,3576,3816,240,383.3,562.2
U39,ocena_ceny,12,3868,3980,112,634.5,165.0
U39,ocena_ceny,13,4012,4122,110,836.3,166.7
U39,ocena_ceny,14,4156,4512,356,1042.0,159.5
U39,ocena_ceny,15,4546,4834,288,1238.4,164.6
U39,ocena_ceny,16,4868,5024,156,1466.5,166.2
U39,ocena_ceny,17,5074,5350,276,1197.9,618.4
U39,ocena_ceny,18,5414,5776,362,630.6,160.7
U39,ocena_ceny,19,5814,6086,272,887.6,158.6
U39,ocena_ceny,20,6120,6314,194,1123.1,163.0
U39,ocena_ceny,21,6346,6566,220,1354.8,174.6
U39,ocena_ceny,22,6600,6826,226,1546.7,152.4
U39,ocena_ceny,23,6880,6980,100,1188.6,666.0
U39,ocena_ceny,24,7030,7110,80,1657.7,603.2
U39,ocena_ceny,25,7130,7326,196,1687.7,610.6
U39,ocena_ceny,26,7390,7514,124,967.5,912.0
U39,ocena_ceny,27,7582,7868,286,1678.2,651.3
U39,ocena_ceny,28,7920,8144,224,1199.5,633.7
U39,ocena_ceny,29,8208,8552,344,604.0,157.6
U39,ocena_ceny,30,8582,8996,414,767.4,164.6
U39,ocena_ceny,31,9024,9250,226,870.1,152.9
U39,ocena_ceny,32,9280,9434,154,1007.5,167.1
U39,ocena_ceny,33,9502,9672,170,968.8,934.3
U39,ocena_ceny,34,9712,10000,288,1152.1,713.5
U40,ocena_ceny,1,0,278,278,953.5,551.7
U40,ocena_ceny,2,342,610,268,1664.8,615.9
U40,ocena_ceny,3,628,1012,384,1694.2,596.3
U40,ocena_ceny,4,1064,1382,318,1163.6,629.6
U40,ocena_ceny,5,1402,1802,400,1165.5,638.0
U40,ocena_ceny,6,1888,2292,404,178.9,154.5
U40,ocena_ceny,7,2402,2840,438,1674.9,657.2
U40,ocena_ceny,8,2866,3042,176,1661.9,628.7
U40,ocena_ceny,9,3106,3246,140,976.9,904.5
U40,ocena_ceny,10,3268,3572,304,995.7,982.4
U40,ocena_ceny,11,3656,3946,290,227.9,179.9
U40,ocena_ceny,12,4028,4272,244,1237.9,644.3
U40,ocena_ceny,13,4294,4530,236,1165.1,643.8
U40,ocena_ceny,14,4592,4672,80,634.5,169.6
U40,ocena_ceny,15,4706,4958,252,869.0,161.0
U40,ocena_ceny,16,4984,5200,216,1018.1,160.1
U40,ocena_ceny,17,5230,5460,230,1192.5,167.1
U40,ocena_ceny,18,5540,5700,160,245.6,212.6
U40,ocena_ceny,19,5738,5986,248,69.3,517.4
U40,ocena_ceny,20,6100,6386,286,1678.5,571.9
U40,ocena_ceny,21,6406,6994,588,1666.6,565.0
U40,ocena_ceny,22,7104,7288,184,180.9,163.2
U40,ocena_ceny,23,7374,7606,232,1162.1,665.5
U40,ocena_ceny,24,7630,7922,292,1163.4,628.3
U40,ocena_ceny,25,7950,8488,538,1119.4,721.8
U40,ocena_ceny,26,8552,8648,96,609.0,167.2
U40,ocena_ceny,27,8682,8888,206,765.1,165.4
U40,ocena_ceny,28,8922,9146,224,970.0,169.4
U40,ocena_ceny,29,9180,9350,170,1168.4,156.5
U40,ocena_ceny,30,9386,9696,310,1382.0,158.1
U40,ocena_ceny,31,9728,9880,152,1571.0,169.1
