czas_et_ms,kod,opis
2483837,11,START_PROBY
2484471,12,BODZIEC
2485340,13,REAKCJA
2486437,11,START_PROBY
2487025,12,BODZIEC
2488039,13,REAKCJA
2489272,11,START_PROBY
2489847,12,BODZIEC
2490930,13,REAKCJA
2492200,11,START_PROBY
2492768,12,BODZIEC
2496509,13,REAKCJA
2497517,11,START_PROBY
2498094,12,BODZIEC
2498938,13,REAKCJA
2500166,11,START_PROBY
2500734,12,BODZIEC
2504211,13,REAKCJA
2505256,11,START_PROBY
2505814,12,BODZIEC
2506412,13,REAKCJA
2507521,11,START_PROBY
2508134,12,BODZIEC
2510262,13,REAKCJA
2511466,11,START_PROBY
2512134,12,BODZIEC
2512879,13,REAKCJA
2514101,11,START_PROBY
2514638,12,BODZIEC
2515257,13,REAKCJA
2516342,11,START_PROBY
2517041,12,BODZIEC
2518823,13,REAKCJA
2519922,11,START_PROBY
2520587,12,BODZIEC
2521862,13,REAKCJA
2522919,11,START_PROBY
2523596,12,BODZIEC
2524487,13,REAKCJA
2525508,11,START_PROBY
2526153,12,BODZIEC
2527462,13,REAKCJA
2528709,11,START_PROBY
2529278,12,BODZIEC
2530497,13,REAKCJA
2531691,11,START_PROBY
2532294,12,BODZIEC
2534249,13,REAKCJA
2535402,11,START_PROBY
2535958,12,BODZIEC
2536778,13,REAKCJA
2537888,11,START_PROBY
2538399,12,BODZIEC
2539702,13,REAKCJA
2540993,11,START_PROBY
2541588,12,BODZIEC
2544945,13,REAKCJA
2546226,11,START_PROBY
2546888,12,BODZIEC
2549267,13,REAKCJA
2550273,11,START_PROBY
2550876,12,BODZIEC
2551952,13,REAKCJA
2553082,11,START_PROBY
2553767,12,BODZIEC
2554273,13,REAKCJA
2555323,11,START_PROBY
2555961,12,BODZIEC
2558958,13,REAKCJA
2560047,11,START_PROBY
2560683,12,BODZIEC
2561587,13,REAKCJA
2562879,11,START_PROBY
2563468,12,BODZIEC
2564830,13,REAKCJA
2565840,11,START_PROBY
2566392,12,BODZIEC
2566910,13,REAKCJA
2568044,11,START_PROBY
2568685,12,BODZIEC
2572002,13,REAKCJA
2573022,11,START_PROBY
2573664,12,BODZIEC
2575875,13,REAKCJA
2576889,11,START_PROBY
2577468,12,BODZIEC
2581082,13,REAKCJA
2582265,11,START_PROBY
2582868,12,BODZIEC
2585705,13,REAKCJA
2586787,11,START_PROBY
2587409,12,BODZIEC
2588224,13,REAKCJA
2589475,11,START_PROBY
2590089,12,BODZIEC
2591403,13,REAKCJA
2592537,11,START_PROBY
2593050,12,BODZIEC
2593902,13,REAKCJA
2594915,11,START_PROBY
2595593,12,BODZIEC
2598591,13,REAKCJA
2599753,11,START_PROBY
2600382,12,BODZIEC
2604109,13,REAKCJA
2605144,11,START_PROBY
2605704,12,BODZIEC
2606839,13,REAKCJA
2607884,11,START_PROBY
2608467,12,BODZIEC
2609640,13,REAKCJA
2610653,11,START_PROBY
2611175,12,BODZIEC
2614567,13,REAKCJA
2615574,11,START_PROBY
2616249,12,BODZIEC
2620248,13,REAKCJA
2621527,11,START_PROBY
2622175,12,BODZIEC
2624407,13,REAKCJA
2625455,11,START_PROBY
2626064,12,BODZIEC
2629357,13,REAKCJA
2630554,11,START_PROBY
2631107,12,BODZIEC
2634507,13,REAKCJA
2635578,11,START_PROBY
2636175,12,BODZIEC
2638380,13,REAKCJA
2639414,11,START_PROBY
2640092,12,BODZIEC
2641994,13,REAKCJA
2643292,11,START_PROBY
2643959,12,BODZIEC
2647271,13,REAKCJA
2648538,11,START_PROBY
2649061,12,BODZIEC
2650177,13,REAKCJA
2651280,11,START_PROBY
2651872,12,BODZIEC
2652404,13,REAKCJA
2653703,11,START_PROBY
2654400,12,BODZIEC
2656566,13,REAKCJA
2657638,11,START_PROBY
2658215,12,BODZIEC
2658808,13,REAKCJA
2660094,11,START_PROBY
2660609,12,BODZIEC
2661088,13,REAKCJA
2662339,11,START_PROBY
2662881,12,BODZIEC
2665786,13,REAKCJA
2667016,11,START_PROBY
2667649,12,BODZIEC
2668889,13,REAKCJA
2670092,11,START_PROBY
2670769,12,BODZIEC
2673844,13,REAKCJA
2675021,11,START_PROBY
2675546,12,BODZIEC
2676223,13,REAKCJA
2677250,11,START_PROBY
2677918,12,BODZIEC
2681292,13,REAKCJA
2682373,11,START_PROBY
2682924,12,BODZIEC
2683670,13,REAKCJA
2684790,11,START_PROBY
2685334,12,BODZIEC
2686947,13,REAKCJA
2688118,11,START_PROBY
2688760,12,BODZIEC
2690091,13,REAKCJA
2691134,11,START_PROBY
2691634,12,BODZIEC
2692045,13,REAKCJA
2693050,11,START_PROBY
2693649,12,BODZIEC
2694334,13,REAKCJA
2695372,11,START_PROBY
2695949,12,BODZIEC
2699586,13,REAKCJA
2700827,11,START_PROBY
2701434,12,BODZIEC
2704933,13,REAKCJA
2706213,11,START_PROBY
2706724,12,BODZIEC
2710065,13,REAKCJA
2711174,11,START_PROBY
2711821,12,BODZIEC
2713391,13,REAKCJA
2714599,11,START_PROBY
2715259,12,BODZIEC
2716406,13,REAKCJA
2717525,11,START_PROBY
2718219,12,BODZIEC
2720845,13,REAKCJA
2721956,11,START_PROBY
2722468,12,BODZIEC
2723560,13,REAKCJA
2724725,11,START_PROBY
2725339,12,BODZIEC
2725912,13,REAKCJA
2727153,11,START_PROBY
2727747,12,BODZIEC
2729633,13,REAKCJA
2730694,11,START_PROBY
2731239,12,BODZIEC
2732518,13,REAKCJA
2733526,11,START_PROBY
2734132,12,BODZIEC
2734665,13,REAKCJA
2735744,11,START_PROBY
2736387,12,BODZIEC
2737270,13,REAKCJA
2738537,11,START_PROBY
2739124,12,BODZIEC
2740757,13,REAKCJA
2741849,11,START_PROBY
2742390,12,BODZIEC
2742877,13,REAKCJA
2743889,11,START_PROBY
2744576,12,BODZIEC
2745663,13,REAKCJA
2746825,11,START_PROBY
2747460,12,BODZIEC
2747909,13,REAKCJA
2748969,11,START_PROBY
2749486,12,BODZIEC
2751151,13,REAKCJA
2752153,11,START_PROBY
2752817,12,BODZIEC
2753959,13,REAKCJA
2755215,11,START_PROBY
2755739,12,BODZIEC
2759270,13,REAKCJA
2760491,11,START_PROBY
2761032,12,BODZIEC
2763366,13,REAKCJA
