proba,element,x_px,y_px,typ
1,1,481.2,866.7,dystraktor
1,2,1588.0,869.8,dystraktor
1,3,1163.4,286.5,dystraktor
1,4,836.3,332.0,dystraktor
1,5,1461.9,450.2,dystraktor
1,6,1137.7,550.4,dystraktor
1,7,1492.0,188.2,cel
1,8,549.8,467.2,dystraktor
1,9,1001.9,885.2,dystraktor
1,10,413.4,265.3,dystraktor
2,1,872.0,418.7,dystraktor
2,2,863.4,745.0,dystraktor
2,3,404.1,772.1,cel
2,4,1406.3,857.0,dystraktor
2,5,1364.9,604.9,dystraktor
2,6,1565.6,359.2,dystraktor
2,7,1131.8,254.8,dystraktor
2,8,1383.3,209.5,dystraktor
2,9,658.9,894.8,dystraktor
2,10,1088.0,674.9,dystraktor
3,1,1450.4,769.3,cel
3,2,1471.7,338.4,dystraktor
3,3,832.2,592.0,dystraktor
3,4,721.0,305.6,dystraktor
3,5,1065.0,491.7,dystraktor
3,6,553.1,906.4,dystraktor
3,7,339.5,483.6,dystraktor
3,8,1234.5,199.3,dystraktor
3,9,1209.3,702.8,dystraktor
3,10,1051.2,889.9,dystraktor
4,1,748.7,792.8,dystraktor
4,2,482.9,279.5,dystraktor
4,3,997.8,458.6,dystraktor
4,4,1473.8,229.5,cel
4,5,1324.4,423.7,dystraktor
4,6,1116.1,761.1,dystraktor
4,7,1576.9,718.9,dystraktor
4,8,530.9,880.4,dystraktor
4,9,1341.6,865.0,dystraktor
4,10,1643.3,481.1,dystraktor
5,1,978.3,710.5,dystraktor
5,2,1323.1,812.3,cel
5,3,1081.9,496.4,dystraktor
5,4,607.5,380.3,dystraktor
5,5,799.3,879.6,dystraktor
5,6,1359.9,518.2,dystraktor
5,7,1632.9,364.8,dystraktor
5,8,1186.7,242.0,dystraktor
5,9,371.3,467.7,dystraktor
5,10,950.6,177.1,dystraktor
6,1,1409.3,888.9,dystraktor
6,2,974.1,567.5,cel
6,3,1466.7,583.0,dystraktor
6,4,686.1,286.6,dystraktor
6,5,264.2,840.4,dystraktor
6,6,1469.9,240.8,dystraktor
6,7,1642.1,891.0,dystraktor
6,8,1029.0,204.8,dystraktor
6,9,639.7,773.2,dystraktor
6,10,1178.7,730.6,dystraktor
7,1,1282.0,343.6,cel
7,2,632.7,546.5,dystraktor
7,3,919.9,218.7,dystraktor
7,4,1450.7,774.3,dystraktor
7,5,898.5,501.0,dystraktor
7,6,341.4,838.5,dystraktor
7,7,678.5,217.5,dystraktor
7,8,1141.1,525.8,dystraktor
7,9,1068.7,755.6,dystraktor
7,10,843.1,897.3,dystraktor
8,1,1301.1,556.2,dystraktor
8,2,1443.2,903.1,dystraktor
8,3,1385.0,316.4,dystraktor
8,4,829.4,842.1,dystraktor
8,5,366.2,383.1,cel
8,6,595.0,179.3,dystraktor
8,7,885.4,400.4,dystraktor
8,8,655.4,520.8,dystraktor
8,9,1062.7,908.5,dystraktor
8,10,560.8,876.2,dystraktor
9,1,930.3,213.1,dystraktor
9,2,591.2,294.9,dystraktor
9,3,777.3,475.7,cel
9,4,1069.0,643.3,dystraktor
9,5,515.5,684.1,dystraktor
9,6,327.3,852.6,dystraktor
9,7,814.5,844.1,dystraktor
9,8,1604.3,475.3,dystraktor
9,9,1473.9,768.5,dystraktor
9,10,1228.3,239.7,dystraktor
10,1,1564.7,391.6,dystraktor
10,2,794.9,299.6,dystraktor
10,3,1514.5,709.3,dystraktor
10,4,1273.0,845.0,cel
10,5,999.9,551.5,dystraktor
10,6,1157.6,179.6,dystraktor
10,7,266.6,201.8,dystraktor
10,8,502.7,184.6,dystraktor
10,9,702.9,534.3,dystraktor
10,10,347.3,797.7,dystraktor
11,1,1330.4,608.6,dystraktor
11,2,1590.2,324.8,cel
11,3,1094.0,882.9,dystraktor
11,4,827.4,805.5,dystraktor
11,5,524.4,876.3,dystraktor
11,6,562.3,601.0,dystraktor
11,7,989.1,230.7,dystraktor
11,8,270.9,656.2,dystraktor
11,9,1418.1,844.4,dystraktor
11,10,542.5,247.2,dystraktor
12,1,775.9,375.0,dystraktor
12,2,277.2,357.5,dystraktor
12,3,1596.5,654.2,cel
12,4,1501.0,351.5,dystraktor
12,5,970.6,812.7,dystraktor
12,6,1066.4,464.2,dystraktor
12,7,386.7,756.8,dystraktor
12,8,737.8,617.0,dystraktor
12,9,529.8,252.3,dystraktor
12,10,1462.1,901.2,dystraktor
13,1,835.2,697.3,dystraktor
13,2,291.6,838.6,dystraktor
13,3,394.5,538.3,dystraktor
13,4,1631.0,786.2,dystraktor
13,5,668.1,389.4,cel
13,6,1120.6,765.5,dystraktor
13,7,1306.1,375.6,dystraktor
13,8,1519.0,278.9,dystraktor
13,9,896.9,252.0,dystraktor
13,10,1379.4,891.6,dystraktor
14,1,381.1,368.1,dystraktor
14,2,853.4,540.9,cel
14,3,436.1,768.2,dystraktor
14,4,860.0,183.9,dystraktor
14,5,1468.4,470.0,dystraktor
14,6,572.6,568.9,dystraktor
14,7,1198.1,190.2,dystraktor
14,8,1449.7,206.9,dystraktor
14,9,786.1,841.7,dystraktor
14,10,1286.1,620.8,dystraktor
15,1,1164.5,859.6,cel
15,2,944.8,298.5,dystraktor
15,3,322.3,757.0,dystraktor
15,4,873.5,892.8,dystraktor
15,5,1323.2,497.3,dystraktor
15,6,365.6,376.2,dystraktor
15,7,1627.6,874.0,dystraktor
15,8,600.4,318.3,dystraktor
15,9,576.4,828.9,dystraktor
15,10,1651.5,282.8,dystraktor
16,1,557.0,461.7,dystraktor
16,2,309.0,745.3,dystraktor
16,3,989.7,429.6,dystraktor
16,4,1315.1,819.3,dystraktor
16,5,1444.2,610.4,dystraktor
16,6,637.0,768.0,cel
16,7,1561.4,896.2,dystraktor
16,8,1213.0,577.8,dystraktor
16,9,1385.6,348.9,dystraktor
16,10,959.4,862.5,dystraktor
17,1,336.9,403.4,dystraktor
17,2,1477.3,222.5,dystraktor
17,3,634.4,297.6,dystraktor
17,4,1361.1,892.1,cel
17,5,634.5,561.7,dystraktor
17,6,268.4,870.2,dystraktor
17,7,1072.4,393.0,dystraktor
17,8,1505.0,679.5,dystraktor
17,9,1023.7,764.4,dystraktor
17,10,271.4,179.0,dystraktor
18,1,1533.8,292.7,dystraktor
18,2,1131.4,873.6,dystraktor
18,3,1246.5,268.2,dystraktor
18,4,581.7,587.3,dystraktor
18,5,770.6,909.8,dystraktor
18,6,1035.9,445.2,dystraktor
18,7,1311.2,607.0,dystraktor
18,8,1004.6,679.0,dystraktor
18,9,320.8,716.4,dystraktor
18,10,1591.7,865.9,cel
19,1,1517.1,394.3,dystraktor
19,2,795.1,470.0,dystraktor
19,3,404.4,591.9,dystraktor
19,4,1128.2,523.5,cel
19,5,814.1,769.2,dystraktor
19,6,547.2,887.1,dystraktor
19,7,300.1,261.4,dystraktor
19,8,650.9,265.4,dystraktor
19,9,1465.2,819.6,dystraktor
19,10,1230.4,844.8,dystraktor
20,1,765.3,690.2,dystraktor
20,2,1599.3,193.0,dystraktor
20,3,1155.3,830.8,dystraktor
20,4,1212.4,507.3,dystraktor
20,5,1042.7,212.6,dystraktor
20,6,348.9,817.9,cel
20,7,506.1,243.6,dystraktor
20,8,1301.2,187.9,dystraktor
20,9,885.6,439.6,dystraktor
20,10,1611.9,511.3,dystraktor
21,1,366.1,476.9,dystraktor
21,2,1286.3,906.3,dystraktor
21,3,600.7,359.5,dystraktor
21,4,510.1,781.5,dystraktor
21,5,683.4,592.4,dystraktor
21,6,945.3,477.1,dystraktor
21,7,1344.5,465.7,cel
21,8,840.7,258.6,dystraktor
21,9,918.5,853.5,dystraktor
21,10,1141.9,667.5,dystraktor
22,1,1409.3,242.7,dystraktor
22,2,754.9,874.7,dystraktor
22,3,881.0,232.3,dystraktor
22,4,338.3,710.9,dystraktor
22,5,1204.4,775.2,dystraktor
22,6,1007.2,523.2,dystraktor
22,7,428.6,251.6,dystraktor
22,8,668.8,469.9,dystraktor
22,9,1465.3,826.7,cel
22,10,1141.2,298.8,dystraktor
23,1,658.6,216.1,cel
23,2,1031.5,808.0,dystraktor
23,3,1194.3,246.0,dystraktor
23,4,847.5,451.9,dystraktor
23,5,721.6,816.3,dystraktor
23,6,1353.3,428.6,dystraktor
23,7,1544.8,849.7,dystraktor
23,8,1642.0,422.0,dystraktor
23,9,504.2,611.2,dystraktor
23,10,466.7,871.6,dystraktor
24,1,365.4,622.4,dystraktor
24,2,273.1,231.6,dystraktor
24,3,695.8,807.0,dystraktor
24,4,533.4,317.5,dystraktor
24,5,1197.6,376.4,dystraktor
24,6,435.8,894.4,dystraktor
24,7,901.7,529.9,dystraktor
24,8,1156.7,639.8,cel
24,9,1478.8,267.2,dystraktor
24,10,1488.0,577.7,dystraktor
25,1,1404.9,445.2,dystraktor
25,2,301.5,351.6,dystraktor
25,3,1194.7,631.0,dystraktor
25,4,773.8,401.0,dystraktor
25,5,1522.1,657.2,dystraktor
25,6,982.2,872.7,cel
25,7,1284.2,207.6,dystraktor
25,8,301.2,827.7,dystraktor
25,9,703.2,818.2,dystraktor
25,10,1030.5,362.4,dystraktor
26,1,1257.3,191.3,dystraktor
26,2,1462.8,463.7,dystraktor
26,3,715.6,853.9,dystraktor
26,4,834.9,377.9,dystraktor
26,5,1007.8,185.0,dystraktor
26,6,1224.9,563.2,dystraktor
26,7,277.8,870.0,dystraktor
26,8,1445.6,781.9,dystraktor
26,9,1134.3,871.9,cel
26,10,511.0,609.7,dystraktor
27,1,1110.6,385.4,dystraktor
27,2,800.4,660.6,dystraktor
27,3,1564.2,767.8,dystraktor
27,4,1181.6,628.2,dystraktor
27,5,440.4,289.7,dystraktor
27,6,502.0,853.9,dystraktor
27,7,299.6,685.9,dystraktor
27,8,1416.2,372.4,cel
27,9,1655.5,200.7,dystraktor
27,10,735.6,209.2,dystraktor
28,1,1007.3,720.2,dystraktor
28,2,499.0,626.0,dystraktor
28,3,1468.6,479.5,dystraktor
28,4,742.7,501.1,dystraktor
28,5,1184.4,492.6,dystraktor
28,6,1382.4,193.7,dystraktor
28,7,668.2,868.3,dystraktor
28,8,1310.6,904.5,dystraktor
28,9,591.2,237.9,cel
28,10,992.3,289.9,dystraktor
29,1,1139.2,284.9,dystraktor
29,2,1164.7,885.6,cel
29,3,1464.8,704.0,dystraktor
29,4,741.1,331.3,dystraktor
29,5,738.3,761.2,dystraktor
29,6,1555.0,232.7,dystraktor
29,7,367.4,356.6,dystraktor
29,8,570.7,577.6,dystraktor
29,9,326.2,694.1,dystraktor
29,10,1353.8,375.3,dystraktor
30,1,949.6,333.4,dystraktor
30,2,1314.3,750.8,dystraktor
30,3,537.6,870.4,cel
30,4,1581.5,407.8,dystraktor
30,5,345.1,368.1,dystraktor
30,6,1322.7,337.0,dystraktor
30,7,1032.2,714.8,dystraktor
30,8,598.5,212.6,dystraktor
30,9,594.5,511.9,dystraktor
30,10,349.5,622.9,dystraktor
31,1,847.2,263.3,dystraktor
31,2,608.0,283.2,dystraktor
31,3,1336.4,318.6,dystraktor
31,4,569.9,537.4,dystraktor
31,5,1588.7,406.7,cel
31,6,907.6,679.8,dystraktor
31,7,1181.9,621.6,dystraktor
31,8,487.2,866.5,dystraktor
31,9,312.1,632.9,dystraktor
31,10,1516.4,689.9,dystraktor
32,1,294.9,860.4,dystraktor
32,2,572.3,206.2,cel
32,3,1521.8,221.5,dystraktor
32,4,893.9,628.6,dystraktor
32,5,280.0,552.1,dystraktor
32,6,279.0,221.7,dystraktor
32,7,1377.5,463.2,dystraktor
32,8,1591.5,584.5,dystraktor
32,9,621.7,722.2,dystraktor
32,10,979.9,396.3,dystraktor
33,1,925.5,257.4,dystraktor
33,2,1238.0,179.4,dystraktor
33,3,724.1,382.5,dystraktor
33,4,1088.4,520.6,dystraktor
33,5,830.8,835.6,cel
33,6,1534.5,808.4,dystraktor
33,7,1354.3,470.7,dystraktor
33,8,1240.6,798.0,dystraktor
33,9,442.6,680.9,dystraktor
33,10,1576.6,309.5,dystraktor
34,1,836.6,729.3,dystraktor
34,2,628.0,369.2,dystraktor
34,3,1117.0,319.3,dystraktor
34,4,1163.3,669.9,dystraktor
34,5,1536.5,403.9,dystraktor
34,6,417.0,799.2,cel
34,7,903.2,441.3,dystraktor
34,8,1403.2,651.5,dystraktor
34,9,381.1,244.0,dystraktor
34,10,1321.3,183.0,dystraktor
35,1,1583.2,368.7,dystraktor
35,2,731.1,891.7,dystraktor
35,3,1634.3,593.6,dystraktor
35,4,1070.5,883.4,dystraktor
35,5,434.1,626.1,dystraktor
35,6,1047.5,178.7,cel
35,7,1615.1,845.1,dystraktor
35,8,1320.9,308.2,dystraktor
35,9,1089.2,546.5,dystraktor
35,10,261.6,401.7,dystraktor
36,1,326.0,614.2,dystraktor
36,2,308.4,880.9,dystraktor
36,3,1200.6,608.0,dystraktor
36,4,1573.9,800.3,cel
36,5,984.8,324.4,dystraktor
36,6,1635.5,465.0,dystraktor
36,7,323.2,222.7,dystraktor
36,8,826.0,842.3,dystraktor
36,9,1201.0,893.7,dystraktor
36,10,1427.3,321.8,dystraktor
37,1,667.3,756.0,dystraktor
37,2,546.1,483.4,cel
37,3,1330.7,769.9,dystraktor
37,4,1634.5,351.1,dystraktor
37,5,936.5,683.8,dystraktor
37,6,990.0,362.8,dystraktor
37,7,367.0,261.8,dystraktor
37,8,453.9,890.4,dystraktor
37,9,1333.4,474.6,dystraktor
37,10,627.1,188.4,dystraktor
38,1,356.4,696.8,cel
38,2,957.3,892.9,dystraktor
38,3,1347.6,352.8,dystraktor
38,4,1649.9,305.8,dystraktor
38,5,1603.0,750.2,dystraktor
38,6,525.1,419.3,dystraktor
38,7,1371.9,798.8,dystraktor
38,8,656.5,693.8,dystraktor
38,9,305.2,316.6,dystraktor
38,10,1106.5,585.6,dystraktor
39,1,1329.7,379.0,dystraktor
39,2,1345.4,788.4,dystraktor
39,3,1101.6,339.9,dystraktor
39,4,1043.4,865.0,dystraktor
39,5,379.8,267.1,dystraktor
39,6,1567.7,459.0,dystraktor
39,7,503.5,795.1,dystraktor
39,8,611.7,473.6,dystraktor
39,9,800.0,215.1,dystraktor
39,10,1588.6,891.6,cel
40,1,540.0,189.6,dystraktor
40,2,814.5,473.5,dystraktor
40,3,1059.5,651.2,dystraktor
40,4,1258.6,433.0,dystraktor
40,5,1361.1,217.5,dystraktor
40,6,468.9,844.8,dystraktor
40,7,1510.5,807.7,dystraktor
40,8,1497.1,519.5,dystraktor
40,9,340.6,615.9,cel
40,10,792.4,713.1,dystraktor
41,1,417.7,879.6,dystraktor
41,2,477.7,377.3,dystraktor
41,3,1473.5,552.8,dystraktor
41,4,816.1,268.2,cel
41,5,576.7,689.7,dystraktor
41,6,1194.2,783.5,dystraktor
41,7,899.2,650.6,dystraktor
41,8,1267.7,253.6,dystraktor
41,9,1528.7,312.9,dystraktor
41,10,699.8,909.9,dystraktor
42,1,494.1,855.7,cel
42,2,1400.4,673.9,dystraktor
42,3,1461.2,415.8,dystraktor
42,4,817.7,499.3,dystraktor
42,5,769.6,877.0,dystraktor
42,6,344.4,634.0,dystraktor
42,7,1117.1,589.3,dystraktor
42,8,431.4,254.0,dystraktor
42,9,555.5,510.2,dystraktor
42,10,996.6,221.1,dystraktor
43,1,649.4,417.8,dystraktor
43,2,1070.7,290.7,dystraktor
43,3,705.4,773.3,dystraktor
43,4,1194.1,650.3,dystraktor
43,5,1568.5,626.7,dystraktor
43,6,1534.2,309.7,dystraktor
43,7,275.3,475.8,dystraktor
43,8,279.6,863.7,dystraktor
43,9,922.4,496.5,dystraktor
43,10,1020.8,879.4,cel
44,1,1054.1,590.4,dystraktor
44,2,1412.0,455.5,dystraktor
44,3,1117.7,320.1,dystraktor
44,4,714.1,728.3,cel
44,5,1294.6,688.1,dystraktor
44,6,476.6,515.7,dystraktor
44,7,408.7,286.8,dystraktor
44,8,355.6,909.4,dystraktor
44,9,737.2,439.6,dystraktor
44,10,1574.0,840.0,dystraktor
45,1,563.2,908.3,dystraktor
45,2,843.8,902.8,cel
45,3,1307.2,906.6,dystraktor
45,4,471.7,588.9,dystraktor
45,5,1498.3,720.3,dystraktor
45,6,953.8,345.5,dystraktor
45,7,1164.1,640.4,dystraktor
45,8,1391.1,408.6,dystraktor
45,9,286.3,423.7,dystraktor
45,10,700.0,491.2,dystraktor
46,1,558.7,510.0,dystraktor
46,2,1156.1,182.0,cel
46,3,814.4,703.0,dystraktor
46,4,1501.4,857.6,dystraktor
46,5,288.2,549.6,dystraktor
46,6,1284.2,475.0,dystraktor
46,7,740.9,180.5,dystraktor
46,8,590.3,853.5,dystraktor
46,9,299.5,243.1,dystraktor
46,10,1652.9,253.6,dystraktor
47,1,523.3,864.9,cel
47,2,422.9,469.2,dystraktor
47,3,1658.0,316.6,dystraktor
47,4,994.6,240.9,dystraktor
47,5,1477.3,699.3,dystraktor
47,6,1251.8,303.6,dystraktor
47,7,810.5,756.8,dystraktor
47,8,1124.0,691.9,dystraktor
47,9,723.6,473.6,dystraktor
47,10,523.2,183.2,dystraktor
48,1,895.9,563.8,dystraktor
48,2,763.3,316.2,dystraktor
48,3,1367.1,862.1,dystraktor
48,4,376.3,560.3,cel
48,5,335.5,818.9,dystraktor
48,6,1403.0,535.7,dystraktor
48,7,1623.4,684.2,dystraktor
48,8,1567.3,304.9,dystraktor
48,9,597.7,645.9,dystraktor
48,10,827.2,860.2,dystraktor
49,1,1345.6,519.8,dystraktor
49,2,1171.4,362.2,dystraktor
49,3,1033.6,686.6,dystraktor
49,4,834.5,200.5,dystraktor
49,5,1603.3,749.7,dystraktor
49,6,770.2,542.7,dystraktor
49,7,480.4,334.5,dystraktor
49,8,1489.5,215.2,cel
49,9,364.9,873.7,dystraktor
49,10,1657.9,515.7,dystraktor
50,1,423.6,261.7,dystraktor
50,2,947.6,175.0,dystraktor
50,3,1467.9,636.9,dystraktor
50,4,293.6,628.6,dystraktor
50,5,1256.8,264.9,dystraktor
50,6,537.3,784.8,dystraktor
50,7,1204.3,575.9,dystraktor
50,8,764.9,662.0,dystraktor
50,9,709.4,233.6,cel
50,10,1286.1,833.5,dystraktor
51,1,637.2,515.5,cel
51,2,1421.6,246.2,dystraktor
51,3,1158.9,525.2,dystraktor
51,4,428.0,173.3,dystraktor
51,5,752.8,243.6,dystraktor
51,6,345.7,826.2,dystraktor
51,7,1621.3,571.9,dystraktor
51,8,1657.8,264.8,dystraktor
51,9,867.7,679.0,dystraktor
51,10,1063.6,217.9,dystraktor
52,1,919.7,868.6,dystraktor
52,2,1427.2,613.9,dystraktor
52,3,794.1,291.6,dystraktor
52,4,303.8,424.3,dystraktor
52,5,388.2,908.6,dystraktor
52,6,1326.2,311.8,dystraktor
52,7,556.4,223.2,dystraktor
52,8,528.1,571.8,cel
52,9,1083.1,467.3,dystraktor
52,10,1451.1,849.6,dystraktor
53,1,1408.0,267.4,dystraktor
53,2,423.6,182.7,dystraktor
53,3,1450.0,536.8,cel
53,4,270.1,459.5,dystraktor
53,5,638.9,626.7,dystraktor
53,6,898.0,179.1,dystraktor
53,7,1096.9,316.0,dystraktor
53,8,1101.1,736.7,dystraktor
53,9,261.8,813.4,dystraktor
53,10,911.7,527.4,dystraktor
54,1,744.2,390.6,dystraktor
54,2,588.5,217.3,dystraktor
54,3,578.6,846.3,dystraktor
54,4,1180.3,452.4,dystraktor
54,5,1496.3,387.9,dystraktor
54,6,330.5,602.5,dystraktor
54,7,926.9,531.8,dystraktor
54,8,942.2,763.2,dystraktor
54,9,887.8,197.6,dystraktor
54,10,1257.1,881.1,cel
55,1,831.2,728.9,cel
55,2,591.0,362.4,dystraktor
55,3,1368.9,622.5,dystraktor
55,4,387.8,822.4,dystraktor
55,5,931.2,405.2,dystraktor
55,6,1467.6,369.7,dystraktor
55,7,470.6,605.1,dystraktor
55,8,1634.6,799.8,dystraktor
55,9,1106.5,668.5,dystraktor
55,10,1192.4,344.2,dystraktor
56,1,1132.4,281.5,dystraktor
56,2,1588.6,242.2,dystraktor
56,3,952.6,461.7,dystraktor
56,4,301.0,380.2,dystraktor
56,5,1378.0,707.7,dystraktor
56,6,288.4,749.1,cel
56,7,846.9,683.1,dystraktor
56,8,545.6,361.7,dystraktor
56,9,575.6,783.2,dystraktor
56,10,1140.8,681.6,dystraktor
57,1,360.8,793.6,dystraktor
57,2,671.2,858.7,dystraktor
57,3,961.8,340.3,dystraktor
57,4,1610.3,715.9,dystraktor
57,5,1227.9,504.2,dystraktor
57,6,960.2,889.1,dystraktor
57,7,444.5,171.7,dystraktor
57,8,422.8,429.8,dystraktor
57,9,1335.0,718.1,cel
57,10,1642.1,212.5,dystraktor
58,1,1631.0,320.4,cel
58,2,655.2,739.6,dystraktor
58,3,1316.8,192.0,dystraktor
58,4,1184.8,821.3,dystraktor
58,5,334.7,337.5,dystraktor
58,6,625.3,417.5,dystraktor
58,7,930.3,723.7,dystraktor
58,8,1293.1,605.2,dystraktor
58,9,915.3,443.1,dystraktor
58,10,1636.4,656.2,dystraktor
59,1,514.5,520.9,dystraktor
59,2,1401.8,740.0,dystraktor
59,3,1105.8,457.6,dystraktor
59,4,346.1,686.6,cel
59,5,1418.8,188.0,dystraktor
59,6,1580.6,459.8,dystraktor
59,7,856.0,411.9,dystraktor
59,8,835.4,750.7,dystraktor
59,9,1643.2,823.4,dystraktor
59,10,310.2,234.0,dystraktor
60,1,322.7,612.8,dystraktor
60,2,1446.4,587.6,dystraktor
60,3,960.8,739.7,dystraktor
60,4,1221.0,540.0,dystraktor
60,5,681.2,541.7,dystraktor
60,6,1476.8,285.3,dystraktor
60,7,917.6,242.0,dystraktor
60,8,376.2,183.7,dystraktor
60,9,1293.0,792.4,cel
60,10,514.8,372.9,dystraktor
61,1,1149.5,548.6,cel
61,2,331.5,808.8,dystraktor
61,3,1618.1,474.8,dystraktor
61,4,1470.1,205.1,dystraktor
61,5,545.3,352.4,dystraktor
61,6,484.7,619.7,dystraktor
61,7,879.6,370.9,dystraktor
61,8,1173.3,853.6,dystraktor
61,9,1482.4,832.2,dystraktor
61,10,1171.7,315.9,dystraktor
62,1,1454.5,757.6,dystraktor
62,2,567.7,766.4,dystraktor
62,3,1134.3,602.3,dystraktor
62,4,394.6,262.1,dystraktor
62,5,1572.2,447.0,dystraktor
62,6,815.6,230.4,dystraktor
62,7,721.4,568.0,cel
62,8,1384.2,292.8,dystraktor
62,9,917.3,758.1,dystraktor
62,10,327.4,633.3,dystraktor
63,1,1341.2,516.1,dystraktor
63,2,968.7,373.0,dystraktor
63,3,586.9,884.8,dystraktor
63,4,544.2,289.2,dystraktor
63,5,571.8,557.9,dystraktor
63,6,334.5,547.0,cel
63,7,1342.2,227.1,dystraktor
63,8,842.8,694.2,dystraktor
63,9,1559.7,843.6,dystraktor
63,10,290.2,817.5,dystraktor
64,1,1354.4,443.1,dystraktor
64,2,1101.7,264.3,dystraktor
64,3,593.8,536.8,dystraktor
64,4,664.1,813.6,dystraktor
64,5,1539.9,730.9,dystraktor
64,6,1553.0,272.6,dystraktor
64,7,1049.9,753.2,dystraktor
64,8,604.0,190.6,cel
64,9,1027.0,500.7,dystraktor
64,10,272.6,783.9,dystraktor
65,1,865.8,247.1,dystraktor
65,2,1214.5,173.3,dystraktor
65,3,301.6,616.1,dystraktor
65,4,912.1,501.6,dystraktor
65,5,1102.8,867.2,cel
65,6,851.4,757.2,dystraktor
65,7,1622.0,466.7,dystraktor
65,8,567.3,226.1,dystraktor
65,9,374.9,392.4,dystraktor
65,10,1367.9,462.9,dystraktor
66,1,961.8,889.1,dystraktor
66,2,860.3,307.2,cel
66,3,519.4,269.8,dystraktor
66,4,1282.4,583.7,dystraktor
66,5,955.9,641.2,dystraktor
66,6,1608.1,281.5,dystraktor
66,7,419.8,589.9,dystraktor
66,8,1374.8,854.0,dystraktor
66,9,1641.4,890.7,dystraktor
66,10,510.4,828.8,dystraktor
67,1,410.7,654.9,dystraktor
67,2,873.8,488.6,dystraktor
67,3,1117.9,599.1,dystraktor
67,4,690.6,678.9,dystraktor
67,5,1495.1,802.4,dystraktor
67,6,1383.9,489.6,dystraktor
67,7,391.7,342.6,dystraktor
67,8,1011.6,273.7,dystraktor
67,9,727.3,202.2,cel
67,10,1295.5,192.6,dystraktor
68,1,1448.8,734.4,dystraktor
68,2,269.7,643.1,dystraktor
68,3,1177.9,809.5,dystraktor
68,4,662.8,441.6,dystraktor
68,5,998.2,353.0,dystraktor
68,6,300.3,252.5,cel
68,7,855.8,171.6,dystraktor
68,8,1142.5,577.0,dystraktor
68,9,676.3,712.7,dystraktor
68,10,902.1,862.1,dystraktor
69,1,658.0,688.3,dystraktor
69,2,1608.3,826.0,dystraktor
69,3,1079.7,559.1,dystraktor
69,4,1329.0,204.2,dystraktor
69,5,1260.8,891.1,dystraktor
69,6,644.1,435.1,cel
69,7,888.5,362.8,dystraktor
69,8,1631.1,174.4,dystraktor
69,9,261.3,341.3,dystraktor
69,10,401.4,851.0,dystraktor
70,1,465.3,637.4,dystraktor
70,2,1557.2,367.5,dystraktor
70,3,942.3,501.1,dystraktor
70,4,1163.5,340.1,dystraktor
70,5,1005.5,745.4,dystraktor
70,6,281.4,187.5,dystraktor
70,7,1402.5,602.1,cel
70,8,811.3,248.9,dystraktor
70,9,1201.4,872.8,dystraktor
70,10,437.9,907.1,dystraktor
71,1,1100.0,748.2,dystraktor
71,2,1385.1,654.9,dystraktor
71,3,1109.7,217.4,dystraktor
71,4,791.2,393.2,dystraktor
71,5,1512.7,262.9,dystraktor
71,6,309.8,282.0,dystraktor
71,7,587.9,552.2,dystraktor
71,8,299.5,591.9,cel
71,9,1111.9,482.6,dystraktor
71,10,832.1,692.8,dystraktor
72,1,1406.2,730.8,dystraktor
72,2,1269.7,190.3,dystraktor
72,3,566.1,748.1,cel
72,4,971.6,432.9,dystraktor
72,5,1054.6,881.7,dystraktor
72,6,827.4,623.0,dystraktor
72,7,1584.3,258.7,dystraktor
72,8,556.2,234.9,dystraktor
72,9,1611.1,897.8,dystraktor
72,10,336.1,858.8,dystraktor
73,1,791.9,267.8,dystraktor
73,2,731.5,561.9,dystraktor
73,3,1350.0,592.1,dystraktor
73,4,1651.6,513.4,dystraktor
73,5,1367.2,867.8,cel
73,6,510.2,799.8,dystraktor
73,7,1544.2,246.4,dystraktor
73,8,1128.7,672.9,dystraktor
73,9,908.0,843.6,dystraktor
73,10,1286.4,265.4,dystraktor
74,1,389.1,382.5,dystraktor
74,2,465.9,608.1,dystraktor
74,3,766.0,213.1,dystraktor
74,4,1017.8,452.0,dystraktor
74,5,635.9,884.9,dystraktor
74,6,1099.0,670.3,dystraktor
74,7,1540.4,717.6,dystraktor
74,8,1653.2,472.8,dystraktor
74,9,1204.7,249.7,cel
74,10,263.0,761.0,dystraktor
75,1,976.1,477.6,dystraktor
75,2,1219.5,317.3,dystraktor
75,3,631.3,326.2,dystraktor
75,4,300.2,690.0,dystraktor
75,5,1143.5,770.9,dystraktor
75,6,1613.8,483.3,dystraktor
75,7,955.8,234.5,cel
75,8,763.8,621.4,dystraktor
75,9,1524.4,269.5,dystraktor
75,10,1496.4,895.4,dystraktor
76,1,1283.3,217.7,dystraktor
76,2,1628.8,907.3,dystraktor
76,3,704.4,549.7,dystraktor
76,4,535.3,841.9,dystraktor
76,5,1423.8,506.4,dystraktor
76,6,629.6,294.3,dystraktor
76,7,1523.5,281.2,dystraktor
76,8,276.0,209.7,dystraktor
76,9,378.3,587.6,dystraktor
76,10,1082.9,812.8,cel
77,1,350.8,704.0,dystraktor
77,2,1492.0,638.7,dystraktor
77,3,854.3,437.4,dystraktor
77,4,1174.6,753.9,dystraktor
77,5,1606.1,307.3,dystraktor
77,6,528.7,318.1,dystraktor
77,7,663.9,640.6,dystraktor
77,8,1093.1,171.3,dystraktor
77,9,1259.6,376.3,cel
77,10,933.3,800.1,dystraktor
78,1,772.0,683.3,dystraktor
78,2,1520.4,669.5,dystraktor
78,3,1033.3,580.3,dystraktor
78,4,1341.3,868.6,dystraktor
78,5,476.0,811.1,dystraktor
78,6,458.8,259.1,dystraktor
78,7,1465.6,336.1,dystraktor
78,8,913.2,373.5,dystraktor
78,9,1203.7,266.1,dystraktor
78,10,517.0,584.0,cel
79,1,972.1,399.6,cel
79,2,1150.6,174.3,dystraktor
79,3,1327.0,496.0,dystraktor
79,4,312.1,363.6,dystraktor
79,5,586.8,625.2,dystraktor
79,6,1646.7,833.9,dystraktor
79,7,1555.6,232.5,dystraktor
79,8,487.0,207.7,dystraktor
79,9,873.3,679.1,dystraktor
79,10,723.8,395.0,dystraktor
80,1,1105.1,751.5,dystraktor
80,2,1652.5,462.7,dystraktor
80,3,919.3,220.0,dystraktor
80,4,298.4,454.7,dystraktor
80,5,1420.2,830.0,cel
80,6,1373.7,530.1,dystraktor
80,7,1555.9,222.3,dystraktor
80,8,957.6,459.8,dystraktor
80,9,606.7,489.6,dystraktor
80,10,696.4,882.2,dystraktor
