typ,start_et_ms,koniec_et_ms,czas_trwania_ms,x_px,y_px,proba
fiksacja,2484717,2484891,174,1158.1,289.4,1
fiksacja,2484932,2485393,461,1495.8,205.7,1
fiksacja,2485450,2486127,677,985.0,546.8,1
mrugniecie,2486127,2486374,247,,,1
fiksacja,2486374,2487207,833,986.4,549.2,1
fiksacja,2487239,2487557,318,1105.1,685.1,2
fiksacja,2487619,2488201,582,411.4,771.2,2
fiksacja,2488257,2488789,532,968.2,514.9,2
mrugniecie,2488789,2488940,151,,,2
fiksacja,2488940,2490075,1135,963.2,529.0,2
fiksacja,2490120,2490414,294,1028.0,922.0,3
fiksacja,2490462,2490603,141,684.1,596.0,3
fiksacja,2490670,2491085,415,1462.1,779.2,3
fiksacja,2491108,2491331,223,1499.7,773.9,3
fiksacja,2491387,2491577,190,950.9,533.0,3
mrugniecie,2491577,2491820,243,,,3
fiksacja,2491820,2493004,1184,946.3,533.2,3
fiksacja,2493068,2493501,433,222.2,519.9,4
fiksacja,2493566,2493685,119,978.7,453.4,4
fiksacja,2493725,2494068,343,1118.1,747.6,4
fiksacja,2494126,2494477,351,1680.4,451.4,4
fiksacja,2494557,2494803,246,734.0,806.3,4
fiksacja,2494834,2495046,212,677.2,954.8,4
fiksacja,2495116,2495383,267,1333.3,421.5,4
fiksacja,2495454,2495609,155,462.0,299.3,4
fiksacja,2495693,2496022,329,1538.1,383.5,4
fiksacja,2496072,2496203,131,1367.2,848.2,4
fiksacja,2496261,2496668,407,1542.5,248.0,4
fiksacja,2496727,2497170,443,954.7,537.6,4
mrugniecie,2497170,2497331,161,,,4
fiksacja,2497331,2498291,960,944.2,537.3,4
fiksacja,2498327,2498474,147,740.0,385.1,5
fiksacja,2498536,2499121,585,1309.0,812.8,5
fiksacja,2499145,2499235,90,1357.5,808.8,5
fiksacja,2499284,2499496,212,954.0,540.0,5
mrugniecie,2499496,2499695,199,,,5
fiksacja,2499695,2500999,1304,957.1,536.7,5
fiksacja,2501054,2501268,214,494.5,894.3,6
fiksacja,2501331,2501685,354,1187.2,729.8,6
fiksacja,2501725,2501815,90,1467.0,565.2,6
fiksacja,2501884,2502054,170,650.3,766.3,6
fiksacja,2502100,2502229,129,238.9,819.5,6
fiksacja,2502328,2502593,265,1456.1,253.8,6
fiksacja,2502651,2502979,328,1402.8,892.4,6
fiksacja,2503047,2503310,263,994.5,175.4,6
fiksacja,2503348,2503622,274,704.0,281.6,6
fiksacja,2503708,2503944,236,1625.1,929.2,6
fiksacja,2504007,2504331,324,968.3,599.0,6
fiksacja,2504355,2504850,495,970.4,532.0,6
mrugniecie,2504850,2505004,154,,,6
fiksacja,2505004,2506037,1033,964.0,547.4,6
fiksacja,2506081,2506629,548,1305.1,369.6,7
fiksacja,2506673,2508328,1655,943.0,534.1,7
fiksacja,2508372,2508950,578,1085.7,895.7,8
fiksacja,2508986,2509411,425,828.9,841.8,8
fiksacja,2509456,2509582,126,892.5,444.3,8
fiksacja,2509633,2510510,877,391.0,354.1,8
fiksacja,2510564,2512330,1766,942.7,535.9,8
fiksacja,2512370,2512491,121,818.7,841.4,9
fiksacja,2512534,2512982,448,770.9,463.5,9
fiksacja,2513015,2513492,477,963.3,534.8,9
mrugniecie,2513492,2513692,200,,,9
fiksacja,2513692,2514834,1142,969.5,541.4,9
fiksacja,2514879,2515329,450,1280.2,814.7,10
fiksacja,2515374,2517307,1933,952.6,538.4,10
fiksacja,2517368,2517520,152,1628.8,643.1,11
fiksacja,2517576,2517849,273,1083.5,875.3,11
fiksacja,2517907,2518271,364,1584.5,466.4,11
fiksacja,2518331,2518581,250,966.4,219.6,11
fiksacja,2518637,2518924,287,1571.3,298.5,11
fiksacja,2518983,2519506,523,962.5,543.4,11
mrugniecie,2519506,2519715,209,,,11
fiksacja,2519715,2520792,1077,967.8,538.5,11
fiksacja,2520827,2521142,315,753.5,627.3,12
fiksacja,2521176,2521479,303,793.5,404.4,12
fiksacja,2521550,2521933,383,1599.4,656.7,12
fiksacja,2521992,2523780,1788,946.7,552.4,12
fiksacja,2523820,2524038,218,881.8,230.6,13
fiksacja,2524074,2524576,502,676.4,377.1,13
fiksacja,2524616,2526432,1816,980.0,534.1,13
fiksacja,2526473,2526588,115,1307.6,649.5,14
fiksacja,2526621,2526763,142,1450.8,477.5,14
fiksacja,2526828,2527022,194,786.1,843.9,14
fiksacja,2527079,2527213,134,391.3,355.1,14
fiksacja,2527264,2527579,315,882.6,552.7,14
fiksacja,2527606,2529542,1936,966.0,512.1,14
fiksacja,2529592,2529715,123,1440.7,364.8,15
fiksacja,2529767,2529925,158,923.1,276.5,15
fiksacja,2529964,2530206,242,607.7,311.2,15
fiksacja,2530273,2530645,372,1158.6,874.4,15
fiksacja,2530687,2531271,584,979.7,528.7,15
mrugniecie,2531271,2531516,245,,,15
fiksacja,2531516,2532559,1043,970.4,541.2,15
fiksacja,2532586,2533156,570,1005.9,438.4,16
fiksacja,2533200,2533331,131,1402.4,361.1,16
fiksacja,2533370,2533639,269,1196.8,589.5,16
fiksacja,2533682,2533772,90,936.0,868.1,16
fiksacja,2533814,2534414,600,590.5,744.2,16
fiksacja,2534460,2534898,438,964.8,521.1,16
mrugniecie,2534898,2535127,229,,,16
fiksacja,2535127,2536236,1109,961.5,517.1,16
fiksacja,2536273,2536486,213,1027.2,790.4,17
fiksacja,2536525,2536871,346,1327.0,907.5,17
fiksacja,2536923,2538675,1752,966.9,525.1,17
fiksacja,2538716,2538990,274,1162.6,841.6,18
fiksacja,2539040,2539308,268,1558.8,532.5,18
fiksacja,2539348,2539830,482,1562.1,850.1,18
fiksacja,2539890,2540054,164,968.2,536.7,18
mrugniecie,2540054,2540191,137,,,18
fiksacja,2540191,2541783,1592,972.0,543.8,18
fiksacja,2541836,2542002,166,528.4,874.4,19
fiksacja,2542062,2542207,145,300.8,237.9,19
fiksacja,2542294,2542613,319,1270.3,854.5,19
fiksacja,2542670,2542862,192,808.6,436.7,19
fiksacja,2542896,2543270,374,664.6,287.9,19
fiksacja,2543347,2543483,136,1481.3,796.9,19
fiksacja,2543526,2543756,230,1504.8,414.8,19
fiksacja,2543822,2543951,129,829.7,770.0,19
fiksacja,2543983,2544198,215,753.4,608.2,19
fiksacja,2544238,2544335,97,420.4,610.7,19
fiksacja,2544429,2544560,131,1605.9,168.8,19
fiksacja,2544617,2545143,526,1107.8,519.3,19
fiksacja,2545173,2547155,1982,948.2,544.5,19
fiksacja,2547184,2547354,170,900.6,410.4,20
fiksacja,2547398,2547554,156,630.7,118.5,20
fiksacja,2547609,2547905,296,784.3,687.8,20
fiksacja,2547936,2548135,199,638.6,745.3,20
fiksacja,2548189,2548340,151,1198.9,797.1,20
fiksacja,2548391,2548671,280,1608.2,504.7,20
fiksacja,2548715,2548967,252,1217.3,470.9,20
fiksacja,2549042,2549320,278,337.2,822.4,20
fiksacja,2549381,2549944,563,977.0,551.4,20
mrugniecie,2549944,2550101,157,,,20
fiksacja,2550101,2551130,1029,985.4,551.7,20
fiksacja,2551156,2551314,158,930.4,487.1,21
fiksacja,2551352,2551583,231,1202.3,365.3,21
fiksacja,2551613,2552147,534,1337.1,440.5,21
fiksacja,2552191,2553963,1772,951.4,536.2,21
fiksacja,2554017,2554342,325,1452.9,814.2,22
fiksacja,2554364,2554731,367,1430.6,814.6,22
fiksacja,2554786,2556203,1417,937.0,519.6,22
fiksacja,2556247,2556613,366,1225.9,266.3,23
fiksacja,2556691,2556950,259,472.5,919.4,23
fiksacja,2556986,2557280,294,720.3,821.7,23
fiksacja,2557328,2557489,161,240.3,903.5,23
fiksacja,2557557,2557750,193,1037.3,832.3,23
fiksacja,2557796,2558138,342,844.1,416.6,23
fiksacja,2558180,2558291,111,522.0,635.8,23
fiksacja,2558378,2558560,182,1633.7,380.7,23
fiksacja,2558639,2559050,411,653.5,191.8,23
fiksacja,2559073,2559291,218,678.4,194.9,23
fiksacja,2559339,2559694,355,959.7,543.2,23
mrugniecie,2559694,2559834,140,,,23
fiksacja,2559834,2560933,1099,970.8,549.3,23
fiksacja,2560984,2561292,308,1481.1,549.3,24
fiksacja,2561333,2561728,395,1145.3,596.0,24
fiksacja,2561760,2563673,1913,963.2,550.4,24
fiksacja,2563715,2563868,153,710.6,812.4,25
fiksacja,2563913,2564098,185,762.8,409.1,25
fiksacja,2564146,2564436,290,1182.8,647.3,25
fiksacja,2564475,2564935,460,984.1,896.1,25
fiksacja,2564978,2566636,1658,964.4,531.1,25
fiksacja,2566679,2566994,315,1124.2,883.0,26
fiksacja,2567037,2567546,509,942.1,540.8,26
mrugniecie,2567546,2567676,130,,,26
fiksacja,2567676,2568885,1209,953.7,539.4,26
fiksacja,2568921,2569241,320,1190.7,669.0,27
fiksacja,2569310,2569469,159,447.6,283.1,27
fiksacja,2569529,2569904,375,1106.4,401.3,27
fiksacja,2569948,2570119,171,800.9,657.2,27
fiksacja,2570160,2570369,209,524.6,850.7,27
fiksacja,2570440,2570662,222,1235.4,366.7,27
fiksacja,2570715,2570862,147,709.3,173.6,27
fiksacja,2570938,2571208,270,1651.1,195.4,27
fiksacja,2571312,2571541,229,316.6,707.7,27
fiksacja,2571632,2572141,509,1460.6,348.9,27
fiksacja,2572194,2572699,505,943.6,554.2,27
mrugniecie,2572699,2572890,191,,,27
fiksacja,2572890,2573941,1051,935.9,549.1,27
fiksacja,2573976,2574169,193,730.9,490.6,28
fiksacja,2574233,2574485,252,1467.6,468.1,28
fiksacja,2574581,2574698,117,231.5,862.4,28
fiksacja,2574764,2575060,296,997.3,692.2,28
fiksacja,2575097,2575473,376,1170.3,475.8,28
fiksacja,2575531,2576049,518,602.7,214.0,28
fiksacja,2576073,2576316,243,554.7,219.7,28
fiksacja,2576368,2577745,1377,948.8,553.2,28
fiksacja,2577788,2577921,133,586.3,604.0,29
fiksacja,2577988,2578414,426,1357.7,377.5,29
fiksacja,2578450,2578724,274,1121.2,260.1,29
fiksacja,2578783,2578907,124,734.5,789.9,29
fiksacja,2578955,2579273,318,288.7,710.5,29
fiksacja,2579372,2579597,225,1548.1,216.4,29
fiksacja,2579647,2579752,105,1450.7,719.8,29
fiksacja,2579845,2580183,338,312.4,213.0,29
fiksacja,2580211,2580448,237,357.7,331.9,29
fiksacja,2580491,2580770,279,733.9,316.0,29
fiksacja,2580830,2581170,340,1159.4,855.7,29
fiksacja,2581213,2583063,1850,940.5,557.6,29
fiksacja,2583112,2583330,218,612.0,213.8,30
fiksacja,2583392,2583571,179,1313.1,311.1,30
fiksacja,2583636,2583872,236,587.2,505.9,30
fiksacja,2583938,2584180,242,1315.8,736.0,30
fiksacja,2584216,2584409,193,1065.0,685.8,30
fiksacja,2584451,2584635,184,970.3,343.4,30
fiksacja,2584695,2584920,225,350.6,598.4,30
fiksacja,2585011,2585111,100,1549.9,392.0,30
fiksacja,2585201,2585487,286,343.4,386.0,30
fiksacja,2585538,2585774,236,571.3,832.4,30
fiksacja,2585824,2586310,486,975.0,530.8,30
mrugniecie,2586310,2586556,246,,,30
fiksacja,2586556,2587594,1038,966.3,546.5,30
fiksacja,2587641,2587941,300,608.2,300.1,31
fiksacja,2588020,2588251,231,1610.7,409.8,31
fiksacja,2588310,2590355,2045,975.8,527.3,31
fiksacja,2590400,2590614,214,1369.9,460.4,32
fiksacja,2590681,2590945,264,645.8,748.9,32
fiksacja,2591004,2591155,151,1287.9,640.9,32
fiksacja,2591225,2591493,268,573.7,219.4,32
fiksacja,2591543,2591790,247,979.5,516.3,32
mrugniecie,2591790,2592025,235,,,32
fiksacja,2592025,2593248,1223,984.9,520.1,32
fiksacja,2593301,2593486,185,1522.0,500.3,33
fiksacja,2593551,2594067,516,854.0,829.0,33
fiksacja,2594107,2594500,393,981.6,519.6,33
mrugniecie,2594500,2594693,193,,,33
fiksacja,2594693,2595808,1115,980.8,527.3,33
fiksacja,2595852,2596079,227,615.5,379.2,34
fiksacja,2596118,2596265,147,903.0,426.6,34
fiksacja,2596300,2596569,269,1133.8,331.3,34
fiksacja,2596610,2596910,300,1207.3,658.3,34
fiksacja,2596952,2597099,147,829.3,704.9,34
fiksacja,2597158,2597397,239,365.0,259.6,34
fiksacja,2597484,2597722,238,1422.5,678.7,34
fiksacja,2597772,2597981,209,1337.4,193.3,34
fiksacja,2598017,2598123,106,1597.1,184.6,34
fiksacja,2598157,2598346,189,1533.9,403.7,34
fiksacja,2598435,2598628,193,416.4,797.7,34
fiksacja,2598683,2599154,471,953.3,538.0,34
mrugniecie,2599154,2599278,124,,,34
fiksacja,2599278,2600585,1307,957.3,532.6,34
fiksacja,2600615,2600905,290,1104.7,551.2,35
fiksacja,2600955,2601448,493,753.6,905.6,35
fiksacja,2601513,2601715,202,735.1,160.5,35
fiksacja,2601771,2601907,136,1317.1,310.1,35
fiksacja,2601965,2602181,216,1068.8,888.2,35
fiksacja,2602237,2602327,90,1598.5,607.8,35
fiksacja,2602360,2602524,164,1585.7,819.2,35
fiksacja,2602614,2602829,215,429.3,618.0,35
fiksacja,2602919,2603239,320,1575.5,369.2,35
fiksacja,2603337,2603567,230,262.4,384.7,35
fiksacja,2603634,2604243,609,1010.5,155.8,35
fiksacja,2604288,2605943,1655,946.1,545.8,35
fiksacja,2606005,2606275,270,324.9,880.9,36
fiksacja,2606346,2606533,187,983.7,317.5,36
fiksacja,2606596,2606949,353,1557.3,769.7,36
fiksacja,2607008,2607289,281,938.6,549.7,36
mrugniecie,2607289,2607424,135,,,36
fiksacja,2607424,2608652,1228,943.9,549.4,36
fiksacja,2608680,2608917,237,831.2,584.4,37
fiksacja,2608970,2609276,306,1344.4,751.0,37
fiksacja,2609345,2609738,393,559.3,491.5,37
fiksacja,2609783,2610294,511,953.5,519.4,37
mrugniecie,2610294,2610418,124,,,37
fiksacja,2610418,2611387,969,961.2,525.1,37
fiksacja,2611437,2611628,191,1389.0,785.2,38
fiksacja,2611679,2611854,175,1629.2,339.2,38
fiksacja,2611910,2612124,214,1077.1,577.9,38
fiksacja,2612166,2612324,158,959.9,913.5,38
fiksacja,2612383,2612601,218,529.7,433.0,38
fiksacja,2612670,2613115,445,1361.8,352.8,38
fiksacja,2613197,2613463,266,299.5,308.7,38
fiksacja,2613515,2613781,266,679.4,682.0,38
fiksacja,2613836,2613934,98,1203.2,945.3,38
fiksacja,2613980,2614293,313,1595.2,723.4,38
fiksacja,2614385,2614649,264,351.4,668.4,38
fiksacja,2614707,2616517,1810,966.7,544.3,38
fiksacja,2616561,2616870,309,569.1,489.4,39
fiksacja,2616956,2617111,155,1681.7,367.2,39
fiksacja,2617142,2617343,201,1563.0,470.3,39
fiksacja,2617434,2617792,358,359.6,292.5,39
fiksacja,2617876,2618096,220,1336.5,796.7,39
fiksacja,2618145,2618390,245,1108.8,355.9,39
fiksacja,2618462,2618664,202,324.0,747.5,39
fiksacja,2618727,2619086,359,1031.9,819.3,39
fiksacja,2619138,2619311,173,1303.0,377.9,39
fiksacja,2619363,2619463,100,794.5,242.7,39
fiksacja,2619520,2619678,158,515.3,786.3,39
fiksacja,2619771,2619947,176,1591.5,199.1,39
fiksacja,2620007,2620304,297,1574.3,880.5,39
fiksacja,2620325,2620483,158,1590.1,883.5,39
fiksacja,2620545,2620977,432,962.2,543.4,39
mrugniecie,2620977,2621175,198,,,39
fiksacja,2621175,2622368,1193,965.1,537.6,39
fiksacja,2622397,2622616,219,1041.5,634.8,40
fiksacja,2622654,2622876,222,781.2,754.0,40
fiksacja,2622913,2623093,180,800.0,475.1,40
fiksacja,2623149,2623358,209,217.0,292.9,40
fiksacja,2623398,2623640,242,534.8,194.7,40
fiksacja,2623729,2624039,310,1516.2,831.4,40
fiksacja,2624130,2624451,321,335.6,618.2,40
fiksacja,2624508,2626294,1786,962.2,555.9,40
fiksacja,2626341,2626570,229,1375.9,744.8,41
fiksacja,2626619,2626709,90,893.3,646.4,41
fiksacja,2626763,2627020,257,1458.0,562.5,41
fiksacja,2627062,2627396,334,1212.3,826.5,41
fiksacja,2627452,2627616,164,1523.5,315.7,41
fiksacja,2627698,2627883,185,671.4,919.4,41
fiksacja,2627956,2628421,465,1263.8,249.3,41
fiksacja,2628491,2628737,246,551.0,680.0,41
fiksacja,2628787,2629474,687,821.1,255.7,41
fiksacja,2629514,2630095,581,957.3,549.2,41
mrugniecie,2630095,2630228,133,,,41
fiksacja,2630228,2631321,1093,963.4,548.8,41
fiksacja,2631378,2631547,169,426.2,246.0,42
fiksacja,2631594,2631752,158,799.4,469.0,42
fiksacja,2631793,2632136,343,1133.4,607.3,42
fiksacja,2632179,2632288,109,1459.1,403.8,42
fiksacja,2632338,2632587,249,1020.1,192.1,42
fiksacja,2632639,2632831,192,565.4,511.6,42
fiksacja,2632873,2633231,358,746.6,187.5,42
fiksacja,2633299,2633534,235,1395.7,683.1,42
fiksacja,2633593,2633724,131,766.3,852.3,42
fiksacja,2633780,2633897,117,1162.2,384.5,42
fiksacja,2633968,2634134,166,365.9,657.2,42
fiksacja,2634168,2634570,402,461.2,852.2,42
fiksacja,2634626,2636442,1816,962.8,532.0,42
fiksacja,2636478,2636836,358,1162.8,680.0,43
fiksacja,2636890,2636994,104,645.2,465.2,43
fiksacja,2637030,2637183,153,913.8,494.0,43
fiksacja,2637218,2637397,179,1045.7,304.8,43
fiksacja,2637454,2637735,281,711.0,804.7,43
fiksacja,2637813,2638064,251,1558.4,326.3,43
fiksacja,2638128,2638502,374,1028.5,861.1,43
fiksacja,2638540,2640285,1745,979.8,556.8,43
fiksacja,2640330,2640468,138,1381.6,466.5,44
fiksacja,2640503,2640780,277,1316.1,703.5,44
fiksacja,2640858,2641024,166,354.4,915.6,44
fiksacja,2641101,2641212,111,1113.3,337.7,44
fiksacja,2641250,2641428,178,1030.9,620.8,44
fiksacja,2641481,2641793,312,487.1,525.0,44
fiksacja,2641830,2642084,254,692.7,720.3,44
fiksacja,2642123,2644203,2080,946.1,538.3,44
fiksacja,2644250,2644480,230,1372.9,414.4,45
fiksacja,2644525,2644787,262,958.4,370.3,45
fiksacja,2644846,2645035,189,582.2,900.9,45
fiksacja,2645091,2645319,228,1142.5,671.7,45
fiksacja,2645353,2645591,238,1370.6,612.0,45
fiksacja,2645666,2645761,95,433.1,597.6,45
fiksacja,2645843,2646130,287,1479.3,716.1,45
fiksacja,2646199,2646390,191,668.6,500.6,45
fiksacja,2646436,2646695,259,247.1,370.0,45
fiksacja,2646783,2646952,169,1293.5,856.9,45
fiksacja,2646999,2647327,328,852.7,916.1,45
fiksacja,2647372,2649280,1908,958.1,548.5,45
fiksacja,2649324,2649602,278,562.2,499.2,46
fiksacja,2649658,2649831,173,1166.6,398.3,46
fiksacja,2649865,2650246,381,1162.6,177.7,46
fiksacja,2650290,2650873,583,983.6,535.6,46
mrugniecie,2650873,2651040,167,,,46
fiksacja,2651040,2652111,1071,972.5,541.4,46
fiksacja,2652166,2652450,284,510.8,889.6,47
fiksacja,2652473,2652699,226,489.7,900.9,47
fiksacja,2652754,2653167,413,958.6,542.3,47
mrugniecie,2653167,2653404,237,,,47
fiksacja,2653404,2654619,1215,945.3,557.6,47
fiksacja,2654665,2654845,180,531.7,506.7,48
fiksacja,2654889,2655349,460,910.1,554.6,48
fiksacja,2655391,2655637,246,577.6,644.5,48
fiksacja,2655672,2655865,193,349.8,794.5,48
fiksacja,2655923,2656271,348,764.8,328.3,48
fiksacja,2656320,2656623,303,351.9,578.0,48
fiksacja,2656679,2658453,1774,956.2,521.9,48
fiksacja,2658485,2658645,160,770.3,557.2,49
fiksacja,2658711,2658873,162,1486.7,210.5,49
fiksacja,2658929,2659670,741,954.7,538.1,49
mrugniecie,2659670,2659906,236,,,49
fiksacja,2659906,2660815,909,965.3,529.4,49
fiksacja,2660859,2661169,310,698.1,247.4,50
fiksacja,2661192,2661497,305,665.3,269.8,50
fiksacja,2661542,2663067,1525,966.8,550.2,50
fiksacja,2663131,2663371,240,1571.5,133.3,51
fiksacja,2663445,2663599,154,881.4,742.8,51
fiksacja,2663653,2664081,428,1046.5,199.8,51
fiksacja,2664128,2664338,210,590.8,182.2,51
fiksacja,2664396,2664650,254,1160.9,504.6,51
fiksacja,2664700,2665055,355,742.0,228.5,51
fiksacja,2665096,2665259,163,1008.1,439.3,51
fiksacja,2665306,2665486,180,1426.8,261.9,51
fiksacja,2665554,2665817,263,649.7,502.1,51
fiksacja,2665840,2666170,330,634.3,495.4,51
fiksacja,2666209,2666503,294,948.3,530.1,51
mrugniecie,2666503,2666674,171,,,51
fiksacja,2666674,2667898,1224,949.3,530.5,51
fiksacja,2667928,2668165,237,1075.9,472.8,52
fiksacja,2668205,2668475,270,786.5,316.8,52
fiksacja,2668515,2668986,471,535.9,539.3,52
fiksacja,2669008,2669230,222,500.4,511.1,52
fiksacja,2669277,2670978,1701,956.0,544.3,52
fiksacja,2671003,2671462,459,895.8,553.1,53
fiksacja,2671522,2671672,150,1522.2,785.7,53
fiksacja,2671765,2671941,176,311.7,463.8,53
fiksacja,2671983,2672386,403,638.0,626.6,53
fiksacja,2672423,2672674,251,360.5,647.4,53
fiksacja,2672738,2673006,268,901.0,182.0,53
fiksacja,2673041,2673247,206,1091.2,308.1,53
fiksacja,2673301,2673592,291,733.1,746.4,53
fiksacja,2673658,2673968,310,1470.5,544.9,53
fiksacja,2674020,2674171,151,958.3,510.5,53
mrugniecie,2674171,2674321,150,,,53
fiksacja,2674321,2675797,1476,943.5,521.1,53
fiksacja,2675846,2676457,611,1294.1,863.5,54
fiksacja,2676505,2678162,1657,951.2,559.6,54
fiksacja,2678215,2678360,145,1463.1,346.9,55
fiksacja,2678411,2678644,233,944.9,391.8,55
fiksacja,2678683,2679114,431,1084.2,684.1,55
fiksacja,2679167,2679320,153,638.4,365.0,55
fiksacja,2679374,2679623,249,1195.2,358.3,55
fiksacja,2679663,2680100,437,1377.7,622.6,55
fiksacja,2680175,2680451,276,447.4,601.6,55
fiksacja,2680485,2680633,148,400.2,822.5,55
fiksacja,2680726,2681023,297,1649.9,819.2,55
fiksacja,2681092,2681370,278,821.7,747.2,55
fiksacja,2681405,2682064,659,948.2,539.2,55
mrugniecie,2682064,2682224,160,,,55
fiksacja,2682224,2683107,883,956.8,541.5,55
fiksacja,2683166,2683374,208,299.3,405.3,56
fiksacja,2683416,2683746,330,277.2,765.6,56
fiksacja,2683767,2684013,246,271.7,773.2,56
fiksacja,2684077,2684282,205,953.6,536.9,56
mrugniecie,2684282,2684436,154,,,56
fiksacja,2684436,2685560,1124,967.0,548.5,56
fiksacja,2685617,2685896,279,460.7,195.7,57
fiksacja,2685946,2686199,253,927.1,375.7,57
fiksacja,2686265,2686517,252,1612.8,764.0,57
fiksacja,2686566,2686665,99,1206.4,514.2,57
fiksacja,2686702,2687049,347,1375.0,728.8,57
fiksacja,2687073,2687391,318,1387.6,684.1,57
fiksacja,2687439,2687711,272,929.9,563.7,57
mrugniecie,2687711,2687892,181,,,57
fiksacja,2687892,2689020,1128,936.8,556.9,57
fiksacja,2689049,2689317,268,898.8,411.3,58
fiksacja,2689347,2689699,352,866.0,568.3,58
fiksacja,2689766,2690169,403,1628.3,337.2,58
fiksacja,2690194,2690355,161,1583.8,291.3,58
fiksacja,2690416,2690810,394,948.8,554.4,58
mrugniecie,2690810,2690944,134,,,58
fiksacja,2690944,2691845,901,953.7,545.5,58
fiksacja,2691900,2692072,172,360.8,664.8,59
fiksacja,2692128,2692641,513,961.8,524.5,59
mrugniecie,2692641,2692836,195,,,59
fiksacja,2692836,2693882,1046,956.7,527.3,59
fiksacja,2693928,2694518,590,1284.8,804.5,60
fiksacja,2694563,2695061,498,957.6,546.1,60
mrugniecie,2695061,2695264,203,,,60
fiksacja,2695264,2696176,912,960.7,543.9,60
fiksacja,2696219,2696416,197,1182.1,854.4,61
fiksacja,2696467,2696711,244,1164.7,339.9,61
fiksacja,2696776,2697033,257,485.8,630.8,61
fiksacja,2697067,2697311,244,247.4,639.5,61
fiksacja,2697372,2697462,90,879.2,365.5,61
fiksacja,2697533,2697635,102,195.8,909.5,61
fiksacja,2697741,2698138,397,1483.4,186.5,61
fiksacja,2698197,2698346,149,1023.7,645.2,61
fiksacja,2698394,2698670,276,1440.0,839.5,61
fiksacja,2698756,2698917,161,349.1,800.0,61
fiksacja,2698988,2699750,762,1155.7,532.5,61
fiksacja,2699783,2701651,1868,950.8,549.9,61
fiksacja,2701692,2701961,269,832.9,234.4,62
fiksacja,2702014,2702262,248,1388.2,282.5,62
fiksacja,2702321,2702520,199,942.0,761.8,62
fiksacja,2702584,2702761,177,394.4,274.7,62
fiksacja,2702812,2703148,336,593.6,751.0,62
fiksacja,2703204,2703547,343,1162.9,599.8,62
fiksacja,2703594,2704051,457,1571.5,428.0,62
fiksacja,2704094,2704186,92,1401.3,760.6,62
fiksacja,2704268,2704486,218,350.5,654.3,62
fiksacja,2704529,2705029,500,719.8,559.5,62
fiksacja,2705064,2706982,1918,960.1,556.6,62
fiksacja,2707027,2707413,386,561.3,542.6,63
fiksacja,2707459,2707759,300,955.0,375.4,63
fiksacja,2707815,2708018,203,642.7,890.9,63
fiksacja,2708073,2708468,395,546.9,314.3,63
fiksacja,2708516,2708758,242,832.7,667.5,63
fiksacja,2708819,2709080,261,1442.8,333.4,63
fiksacja,2709175,2709265,90,267.5,814.6,63
fiksacja,2709351,2709520,169,1374.5,666.3,63
fiksacja,2709602,2710245,643,338.1,567.4,63
fiksacja,2710301,2712070,1769,945.2,520.1,63
fiksacja,2712135,2712390,255,199.5,481.3,64
fiksacja,2712432,2712545,113,568.1,555.8,64
fiksacja,2712612,2712790,178,1348.9,441.4,64
fiksacja,2712820,2712990,170,1503.8,528.9,64
fiksacja,2713068,2713485,417,574.3,179.5,64
fiksacja,2713537,2715493,1956,976.2,530.9,64
fiksacja,2715530,2715735,205,1191.9,368.5,65
fiksacja,2715773,2715914,141,937.0,470.0,65
fiksacja,2715961,2716501,540,1086.8,889.3,65
fiksacja,2716524,2716751,227,1116.5,882.4,65
fiksacja,2716795,2716996,201,948.7,531.9,65
mrugniecie,2716996,2717187,191,,,65
fiksacja,2717187,2718496,1309,958.2,534.0,65
fiksacja,2718556,2718649,93,1612.0,424.8,66
fiksacja,2718718,2718808,90,954.9,890.5,66
fiksacja,2718856,2719021,165,1274.1,571.5,66
fiksacja,2719062,2719252,190,965.3,402.8,66
fiksacja,2719311,2719706,395,1608.7,268.3,66
fiksacja,2719789,2720006,217,539.3,272.2,66
fiksacja,2720058,2720205,147,803.0,742.7,66
fiksacja,2720237,2720536,299,961.7,627.3,66
fiksacja,2720575,2720933,358,852.0,327.7,66
fiksacja,2720969,2721638,669,949.0,558.1,66
mrugniecie,2721638,2721878,240,,,66
fiksacja,2721878,2722692,814,954.5,559.9,66
fiksacja,2722721,2723016,295,1098.8,568.6,67
fiksacja,2723068,2723696,628,716.8,201.1,67
fiksacja,2723742,2725570,1828,977.5,550.0,67
fiksacja,2725634,2725977,343,298.5,231.0,68
fiksacja,2726041,2726585,544,974.5,549.0,68
mrugniecie,2726585,2726763,178,,,68
fiksacja,2726763,2727928,1165,975.9,541.4,68
fiksacja,2727975,2728170,195,1276.9,870.5,69
fiksacja,2728215,2728422,207,1073.0,524.1,69
fiksacja,2728490,2728743,253,274.6,322.8,69
fiksacja,2728825,2729023,198,1320.7,209.8,69
fiksacja,2729090,2729335,245,678.0,685.9,69
fiksacja,2729371,2729686,315,660.1,432.3,69
fiksacja,2729727,2730346,619,964.7,566.8,69
mrugniecie,2730346,2730499,153,,,69
fiksacja,2730499,2731471,972,973.0,574.9,69
fiksacja,2731508,2731643,135,1146.6,357.8,70
fiksacja,2731706,2731836,130,476.8,636.7,70
fiksacja,2731890,2732083,193,1038.9,748.8,70
fiksacja,2732125,2732643,518,1373.7,607.6,70
fiksacja,2732666,2732850,184,1350.4,571.8,70
fiksacja,2732895,2733151,256,943.9,526.9,70
mrugniecie,2733151,2733278,127,,,70
fiksacja,2733278,2734362,1084,947.8,525.1,70
fiksacja,2734421,2734699,278,304.9,625.4,71
fiksacja,2734723,2734820,97,352.1,646.4,71
fiksacja,2734879,2736595,1716,982.0,521.5,71
fiksacja,2736625,2736777,152,849.2,622.4,72
fiksacja,2736828,2736940,112,1074.1,148.6,72
fiksacja,2737007,2737443,436,542.9,754.1,72
fiksacja,2737491,2739381,1890,949.8,546.6,72
fiksacja,2739426,2739516,90,1307.5,293.1,73
fiksacja,2739563,2739934,371,1144.7,705.1,73
fiksacja,2739968,2740255,287,1347.8,606.5,73
fiksacja,2740291,2740832,541,1336.4,864.0,73
fiksacja,2740881,2741187,306,941.5,563.7,73
mrugniecie,2741187,2741344,157,,,73
fiksacja,2741344,2742609,1265,944.3,562.3,73
fiksacja,2742653,2742958,305,1191.4,243.5,74
fiksacja,2743000,2743465,465,977.1,538.0,74
mrugniecie,2743465,2743683,218,,,74
fiksacja,2743683,2744772,1089,975.3,540.8,74
fiksacja,2744796,2745027,231,965.8,492.3,75
fiksacja,2745068,2745215,147,1256.6,294.6,75
fiksacja,2745252,2745373,121,1514.5,252.6,75
fiksacja,2745428,2745790,362,943.9,212.9,75
fiksacja,2745832,2745982,150,958.3,561.1,75
mrugniecie,2745982,2746162,180,,,75
fiksacja,2746162,2747676,1514,949.1,555.9,75
fiksacja,2747714,2747995,281,1097.7,816.2,76
fiksacja,2748034,2748645,611,975.1,537.7,76
mrugniecie,2748645,2748827,182,,,76
fiksacja,2748827,2749727,900,964.1,535.5,76
fiksacja,2749763,2749936,173,920.2,785.8,77
fiksacja,2749972,2750125,153,1177.0,748.0,77
fiksacja,2750173,2750558,385,845.2,432.0,77
fiksacja,2750600,2750769,169,494.5,333.4,77
fiksacja,2750832,2751207,375,1220.1,367.7,77
fiksacja,2751247,2753028,1781,955.1,554.6,77
fiksacja,2753052,2753235,183,1007.9,579.0,78
fiksacja,2753285,2753660,375,1442.7,302.6,78
fiksacja,2753736,2754046,310,528.8,543.6,78
fiksacja,2754069,2754265,196,566.9,545.7,78
fiksacja,2754309,2755985,1676,947.8,551.8,78
fiksacja,2756015,2756219,204,857.9,672.1,79
fiksacja,2756256,2756460,204,592.7,609.1,79
fiksacja,2756524,2756969,445,1337.2,481.3,79
fiksacja,2757011,2757101,90,1149.4,167.0,79
fiksacja,2757162,2757388,226,471.0,187.5,79
fiksacja,2757429,2757715,286,713.2,401.3,79
fiksacja,2757785,2758111,326,1555.2,276.1,79
fiksacja,2758203,2758486,283,332.7,359.5,79
fiksacja,2758588,2758851,263,1662.8,810.9,79
fiksacja,2758916,2759382,466,1001.0,419.5,79
fiksacja,2759409,2761285,1876,939.9,521.3,79
fiksacja,2761310,2761501,191,965.6,462.9,80
fiksacja,2761530,2761681,151,1085.8,513.4,80
fiksacja,2761729,2761900,171,633.0,530.7,80
fiksacja,2761950,2762099,149,1089.9,748.9,80
fiksacja,2762157,2762349,192,1661.7,466.1,80
fiksacja,2762388,2762489,101,1350.4,531.7,80
fiksacja,2762540,2762815,275,934.1,237.1,80
fiksacja,2762874,2762993,119,317.2,436.1,80
fiksacja,2763081,2763425,344,1372.8,855.0,80
fiksacja,2763478,2763841,363,953.5,517.5,80
mrugniecie,2763841,2763993,152,,,80
fiksacja,2763993,2764574,581,957.0,522.1,80
